type,air_temperature,process_temperature,rotational_speed,torque,tool_wear,temperature_difference,mechanical_power,wear_torque_interaction,actual_failure,failure_probability,predicted_failure,risk_level
L,300.5,309.8,1345,62.7,153,9.300000000000011,8831.174028873587,9593.1,0,0.9627659342254119,1,HIGH
L,303.7,312.4,1513,40.1,135,8.699999999999989,6353.483678791414,5413.5,0,0.34870516766961845,0,MEDIUM
L,302.5,311.4,1559,37.6,209,8.899999999999977,6138.504493506264,7858.400000000001,0,0.5652404055147736,1,MEDIUM
H,295.6,306.3,1509,35.8,60,10.699999999999989,5657.191555025283,2148.0,0,0.007116504323089708,0,LOW
H,300.5,310.0,1358,60.4,102,9.5,8589.449418130876,6160.8,0,0.8512137655144181,1,HIGH
H,301.3,310.1,1455,44.1,188,8.800000000000011,6719.395447130529,8290.800000000001,0,0.5805510132488925,1,MEDIUM
L,302.4,310.0,1426,46.6,102,7.600000000000023,6958.795279309584,4753.2,0,0.670894808915201,1,MEDIUM
M,299.3,309.3,1471,46.0,42,10.0,7085.9669499268975,1932.0,0,0.05161969675198628,0,LOW
L,300.7,312.3,1590,36.3,93,11.600000000000023,6044.110106241402,3375.8999999999996,0,0.0143006298904803,0,LOW
L,298.9,308.2,2384,15.0,19,9.300000000000011,3744.7784430790334,285.0,0,0.2863707059746529,0,LOW
L,299.0,308.6,1587,38.6,124,9.600000000000023,6414.943703071142,4786.400000000001,0,0.10787680373632957,0,LOW
L,300.5,311.6,1365,53.0,85,11.100000000000023,7575.950684131786,4505.0,0,0.3453308363013069,0,MEDIUM
M,300.9,310.8,1519,34.9,73,9.900000000000034,5551.518850134035,2547.7,0,0.019318646309246637,0,LOW
L,298.1,308.4,1436,46.7,103,10.299999999999955,7022.632442030527,4810.1,0,0.17865009217755373,0,LOW
H,295.5,305.9,1593,37.2,197,10.399999999999977,6205.65080048899,7328.400000000001,0,0.12302069585242277,0,LOW
L,304.0,313.0,1541,45.9,64,9.0,7407.027247148262,2937.6,0,0.18355961020488953,0,LOW
L,304.0,313.3,1519,36.7,117,9.300000000000011,5837.843604582209,4293.900000000001,0,0.14785330347596976,0,LOW
L,303.7,312.1,1363,51.8,90,8.400000000000034,7393.570758615386,4662.0,1,0.7951503801481101,1,HIGH
L,297.2,308.4,1677,26.4,146,11.199999999999989,4636.236774461672,3854.3999999999996,0,0.02865618558029341,0,LOW
M,298.7,308.4,1441,43.2,132,9.699999999999989,6518.930419904965,5702.400000000001,0,0.17751029727916082,0,LOW
L,299.7,310.3,1495,43.1,101,10.600000000000023,6747.565061257717,4353.1,0,0.0797297126687852,0,LOW
L,298.9,310.2,2737,8.8,142,11.300000000000011,2522.2381339100775,1249.6000000000001,1,0.9984978468294476,1,HIGH
H,298.5,307.9,1260,54.2,141,9.399999999999977,7151.521516631805,7642.200000000001,0,0.8668684894430694,1,HIGH
M,302.3,310.7,1544,39.7,141,8.399999999999977,6418.985885618761,5597.700000000001,0,0.2799394268616495,0,LOW
L,298.9,310.1,2109,18.0,61,11.200000000000045,3975.371343852524,1098.0,0,0.032467156084304484,0,LOW
M,300.8,310.9,1522,41.7,115,10.099999999999966,6646.290586081494,4795.5,0,0.07826897271490424,0,LOW
L,295.8,306.4,1356,48.0,99,10.599999999999966,6815.999421228415,4752.0,0,0.21946994429708191,0,LOW
L,299.9,311.3,1504,40.7,20,11.400000000000034,6410.18942618871,814.0,0,0.008103346703309136,0,LOW
L,299.3,309.2,1775,24.2,125,9.899999999999977,4498.237081164985,3025.0,0,0.06288033425111,0,LOW
M,303.8,312.7,1507,38.5,180,8.899999999999977,6075.7878321651,6930.0,0,0.38348465595176395,0,MEDIUM
H,298.4,307.9,1700,28.2,120,9.5,5020.265060436489,3384.0,0,0.04206116469190475,0,LOW
L,299.3,308.6,1422,48.9,83,9.300000000000011,7281.771948049638,4058.7,0,0.35390342082092896,0,MEDIUM
L,296.7,307.7,1524,36.8,82,11.0,5873.0189703269025,3017.6,0,0.01554337470141665,0,LOW
L,301.4,310.4,1471,37.5,193,9.0,5776.603491788232,7237.5,0,0.48895996200283615,0,MEDIUM
M,297.2,308.8,1485,47.9,143,11.600000000000023,7448.8732612940785,6849.7,0,0.07854158764393931,0,LOW
M,299.8,309.2,1678,29.8,202,9.399999999999977,5236.448522905515,6019.6,0,0.2515166601560327,0,LOW
H,303.3,311.4,1651,30.6,50,8.099999999999966,5290.504860498284,1530.0,0,0.03324180476952895,0,LOW
L,300.1,310.5,1627,29.2,95,10.399999999999977,4975.068014126844,2774.0,0,0.018851798608213333,0,LOW
L,301.1,311.7,1408,46.3,135,10.599999999999966,6826.722724152667,6250.5,0,0.2797262829419451,0,LOW
M,302.7,312.0,1538,36.7,74,9.300000000000011,5910.864689827148,2715.8,0,0.0408977862807466,0,LOW
L,302.6,310.4,1359,57.2,67,7.7999999999999545,8140.369220275728,3832.4,1,0.9245443000296912,1,HIGH
M,298.8,309.9,1331,61.6,46,11.099999999999966,8585.930834358856,2833.6,0,0.619588161731887,1,MEDIUM
M,299.3,308.9,1858,24.7,101,9.599999999999966,4805.861833804498,2494.7,0,0.037742093148799255,0,LOW
M,297.5,308.1,1334,72.0,151,10.600000000000023,10058.123039733082,10872.0,1,0.9674201939663443,1,HIGH
L,298.1,308.7,1691,30.3,49,10.599999999999966,5365.557508992543,1484.7,0,0.0058934728026538595,0,LOW
L,302.7,312.3,1858,25.4,2,9.600000000000023,4942.060347313127,50.8,0,0.00608906751584296,0,LOW
L,298.2,308.4,1388,53.8,137,10.199999999999989,7819.88488170752,7370.599999999999,0,0.6073805118791986,1,MEDIUM
M,297.4,309.3,1564,36.0,126,11.900000000000034,5896.141092257323,4536.0,0,0.011891408948892256,0,LOW
L,300.5,310.5,1536,36.2,12,10.0,5822.753487869466,434.40000000000003,0,0.009121536421992274,0,LOW
M,297.9,307.4,1403,52.8,0,9.5,7757.471907656203,0.0,0,0.17912079137109474,0,LOW
M,298.2,309.0,1441,44.2,147,10.800000000000011,6669.831587032394,6497.400000000001,0,0.12260609783944772,0,LOW
L,297.3,308.5,1350,57.6,186,11.199999999999989,8143.008158104743,10713.6,0,0.7582035187951712,1,HIGH
M,298.3,307.8,1392,50.4,101,9.5,7346.802915978947,5090.4,0,0.37026285842687456,0,MEDIUM
L,303.9,313.1,1586,31.9,108,9.200000000000045,5298.1284586709935,3445.2,0,0.08517270067128742,0,LOW
M,301.0,312.2,1629,32.6,69,11.199999999999989,5561.18448353158,2249.4,0,0.005452576401408698,0,LOW
L,297.4,308.8,1467,39.0,128,11.400000000000034,5991.3313496610945,4992.0,0,0.042844788346670215,0,LOW
H,300.0,309.5,1781,24.9,70,9.5,4643.996508316039,1743.0,0,0.015951173197190464,0,LOW
L,297.6,308.6,1528,40.0,123,11.0,6400.471432913605,4920.0,0,0.049841145955397737,0,LOW
M,302.2,311.5,1734,25.0,116,9.300000000000011,4539.601384437251,2900.0,0,0.053481683213132986,0,LOW
L,301.7,310.7,1763,25.9,3,9.0,4781.682042347368,77.69999999999999,0,0.0068092840509016315,0,LOW
L,298.7,309.8,1394,40.3,11,11.100000000000023,5882.96734706327,443.29999999999995,0,0.010165912212338582,0,LOW
M,302.9,312.5,1679,30.9,79,9.600000000000023,5432.97608733858,2441.1,0,0.021665883230127747,0,LOW
H,298.8,308.6,1524,37.7,170,9.800000000000011,6016.652586449029,6409.000000000001,0,0.15530776830766715,0,LOW
L,298.3,308.6,1548,40.3,140,10.300000000000011,6532.879091286902,5642.0,0,0.10738710713659025,0,LOW
L,299.1,310.2,1317,54.8,231,11.099999999999966,7557.792278594035,12658.8,1,0.8515997023355457,1,HIGH
M,302.9,311.2,1330,53.7,200,8.300000000000011,7479.18963040122,10740.0,1,0.9491502164094042,1,HIGH
L,295.9,306.6,1678,26.7,53,10.700000000000045,4691.717300724068,1415.1,0,0.00394826028446733,0,LOW
L,301.3,310.8,1719,29.5,62,9.5,5310.391141995507,1829.0,0,0.021056482543941504,0,LOW
M,300.7,310.6,1474,37.0,33,9.900000000000034,5711.206004716004,1221.0,0,0.012195849677707388,0,LOW
M,297.2,308.5,1604,40.7,158,11.300000000000011,6836.398829525725,6430.6,0,0.041339122570588346,0,LOW
L,298.6,309.7,1429,45.8,113,11.099999999999966,6853.719477022516,5175.4,0,0.11904917324886154,0,LOW
H,301.7,311.2,1639,30.0,161,9.5,5149.07035923367,4830.0,0,0.12151661501157114,0,LOW
L,297.7,307.2,1668,32.7,31,9.5,5711.792435344675,1013.7,0,0.009920283113609428,0,LOW
L,296.3,307.3,1398,52.7,31,11.0,7715.186070538886,1633.7,0,0.1349099859323992,0,LOW
M,302.3,311.6,1668,33.2,52,9.300000000000011,5799.128711114471,1726.4,0,0.016591158182142313,0,LOW
M,297.6,308.4,1611,31.0,48,10.799999999999955,5229.809290430929,1488.0,0,0.00308998503038232,0,LOW
H,304.1,313.3,1689,32.5,134,9.199999999999989,5748.329157905924,4355.0,0,0.11052974270609303,0,LOW
L,300.8,310.6,1663,30.6,139,9.800000000000011,5328.957954578223,4253.400000000001,0,0.088529842218953,0,LOW
H,300.3,311.9,1390,49.0,194,11.599999999999966,7132.4625212000265,9506.0,0,0.326516205789653,0,MEDIUM
M,303.1,311.4,1831,23.3,161,8.299999999999955,4467.585608841461,3751.3,0,0.3626400580160898,0,MEDIUM
L,297.6,309.5,2001,20.5,220,11.899999999999977,4295.656714886003,4510.0,0,0.388574893757959,0,MEDIUM
L,301.2,310.6,1385,49.2,105,9.400000000000034,7135.813553363856,5166.0,0,0.5157801056384537,1,MEDIUM
L,299.3,308.9,1623,31.1,152,9.599999999999966,5285.7610555913625,4727.2,0,0.11814998569368221,0,LOW
L,298.5,309.5,1480,38.1,160,11.0,5904.937551687375,6096.0,0,0.0939631807218348,0,LOW
M,298.5,308.6,1384,54.4,44,10.100000000000023,7884.308475057135,2393.6,0,0.2927253552891908,0,LOW
H,298.8,308.8,1445,49.9,4,10.0,7550.870302780627,199.6,0,0.0685893592823613,0,LOW
M,297.4,309.4,1539,42.2,134,12.0,6801.108272050399,5654.8,0,0.023550847035100124,0,LOW
M,301.9,310.8,1557,35.3,65,8.900000000000034,5755.617652862252,2294.5,0,0.03574494721045561,0,LOW
L,301.3,311.1,1303,49.2,212,9.800000000000011,6713.332173309101,10430.400000000001,0,0.8651888235128986,1,HIGH
L,301.1,310.8,1470,49.3,116,9.699999999999989,7589.145373276863,5718.799999999999,0,0.365918333030022,0,MEDIUM
M,300.4,309.5,1888,21.9,221,9.100000000000023,4329.868658883596,4839.9,0,0.6487654264412885,1,MEDIUM
L,301.1,312.3,1682,29.7,83,11.199999999999989,5231.317254904651,2465.1,0,0.009766740932417441,0,LOW
L,302.6,311.6,1453,37.0,135,9.0,5629.838754988029,4995.0,0,0.24307728619901783,0,LOW
H,298.4,308.5,1827,24.3,153,10.100000000000023,4649.148720267926,3717.9,0,0.085561694300186,0,LOW
L,297.1,308.5,1425,40.0,35,11.399999999999977,5969.026041820606,1400.0,0,0.009900563858297864,0,LOW
M,302.0,310.6,1563,41.0,184,8.600000000000023,6710.756067333156,7544.0,0,0.4307888753489614,0,MEDIUM
L,302.2,310.8,1340,47.8,54,8.600000000000023,6707.5097549244465,2581.2,0,0.4931361594297114,0,MEDIUM
L,300.8,312.4,1465,59.1,91,11.599999999999966,9066.793477892823,5378.1,1,0.29982999352792006,0,LOW
L,295.8,306.4,1339,53.2,67,10.599999999999966,7459.69081199794,3564.4,0,0.36116962048126033,0,MEDIUM
M,301.7,311.0,1505,44.0,187,9.300000000000011,6934.54218402387,8228.0,0,0.42348453575532985,0,MEDIUM
M,300.7,310.9,1486,38.9,106,10.199999999999989,6053.367332593981,4123.4,0,0.05053603070661822,0,LOW
L,301.9,309.6,1446,43.2,225,7.7000000000000455,6541.549887010811,9720.0,0,0.8908555644506095,1,HIGH
H,302.4,311.6,1544,39.1,70,9.200000000000045,6321.973504475908,2737.0,0,0.054583621704670814,0,LOW
M,298.4,309.3,1355,50.6,8,10.900000000000034,7179.900570269233,404.8,0,0.0762813518976202,0,LOW
L,300.5,311.5,1490,38.4,67,11.0,5991.645508926453,2572.7999999999997,0,0.019590074753471885,0,LOW
M,302.2,311.3,1510,36.6,91,9.100000000000023,5787.441986443117,3330.6,0,0.06436205206645292,0,LOW
M,302.9,312.5,1924,24.0,17,9.600000000000023,4835.539412405409,408.0,0,0.007374286964500752,0,LOW
L,300.4,309.6,1356,45.9,64,9.200000000000045,6517.799446549672,2937.6,0,0.2884148513309511,0,LOW
L,300.1,309.5,1557,40.6,59,9.399999999999977,6619.775544085197,2395.4,0,0.055440124741075895,0,LOW
M,299.1,308.2,1435,45.2,45,9.099999999999966,6792.332756571373,2034.0000000000002,0,0.1010602359154109,0,LOW
M,298.7,309.7,1622,34.6,8,11.0,5876.9983210214505,276.8,0,0.0017904797661470488,0,LOW
L,298.4,308.0,1515,42.8,125,9.600000000000023,6790.238361468978,5350.0,0,0.17889814966284762,0,LOW
M,299.9,309.2,1539,43.2,132,9.300000000000011,6962.271975179556,5702.400000000001,0,0.17163309475493518,0,LOW
L,301.4,310.7,1487,44.6,88,9.300000000000011,6945.035103486859,3924.8,0,0.19904187332161993,0,LOW
H,300.9,312.0,1397,42.7,212,11.100000000000023,6246.732360422433,9052.400000000001,0,0.30120972631661547,0,MEDIUM
M,299.8,309.7,1910,21.8,141,9.899999999999977,4360.321163672394,3073.8,0,0.1158281733204711,0,LOW
L,302.4,311.2,1466,43.9,152,8.800000000000011,6739.491168137992,6672.8,0,0.5251941560405918,1,MEDIUM
L,303.0,312.7,1551,41.8,111,9.699999999999989,6789.170219966758,4639.799999999999,0,0.14555164123206837,0,LOW
M,300.3,309.9,1494,38.5,33,9.599999999999966,6023.37559472771,1270.5,0,0.017932874904167197,0,LOW
H,298.3,308.6,1432,49.5,91,10.300000000000011,7422.955121901963,4504.5,0,0.16641230080883418,0,LOW
M,297.5,309.4,1678,34.4,148,11.899999999999977,6044.759368723145,5091.2,0,0.01558221257445103,0,LOW
L,297.8,308.9,1871,25.6,200,11.099999999999966,5015.824942819416,5120.0,1,0.18597872661817466,0,LOW
L,302.8,310.8,1402,50.5,30,8.0,7414.263382227031,1515.0,0,0.5592145537569105,1,MEDIUM
L,297.5,308.4,1440,35.9,13,10.899999999999977,5413.592460665931,466.7,0,0.004295199053272403,0,LOW
H,296.4,307.1,1638,32.5,146,10.700000000000045,5574.756163795088,4745.0,0,0.031660910979776274,0,LOW
L,298.8,310.1,1574,36.2,181,11.300000000000011,5966.80598301207,6552.200000000001,0,0.08687014221976315,0,LOW
L,300.7,312.3,1548,37.9,58,11.600000000000023,6143.824257066342,2198.2,0,0.009120753503554738,0,LOW
M,302.3,310.9,1360,44.0,67,8.599999999999966,6266.430146360441,2948.0,1,0.24539599531170347,0,LOW
L,301.3,310.6,1556,39.0,72,9.300000000000011,6354.813619681433,2808.0,0,0.06749401917283668,0,LOW
M,298.4,309.3,1496,45.6,129,10.900000000000034,7143.730366850903,5882.400000000001,0,0.08183431029161296,0,LOW
H,297.7,307.2,1429,44.1,26,9.5,6599.323775910327,1146.6000000000001,0,0.047684564551916844,0,LOW
L,298.0,307.7,1387,50.8,204,9.699999999999989,7378.512057829178,10363.199999999999,0,0.7748667134587757,1,HIGH
L,303.8,312.6,1793,28.1,170,8.800000000000011,5276.1268381203545,4777.0,0,0.3769658373007013,0,MEDIUM
L,302.2,311.5,1567,33.1,168,9.300000000000011,5431.572842619978,5560.8,0,0.23926235924146005,0,LOW
L,298.7,309.7,1547,37.4,0,11.0,6058.85464776225,0.0,0,0.0036931116541580747,0,LOW
M,297.4,308.5,1472,42.0,150,11.100000000000023,6474.194140517845,6300.0,0,0.07073952209052788,0,LOW
L,299.7,310.4,1614,36.2,108,10.699999999999989,6118.4401884253375,3909.6000000000004,0,0.032489723403241154,0,LOW
H,300.2,310.4,1501,42.9,212,10.199999999999989,6743.2087194447395,9094.8,0,0.34478131507687226,0,MEDIUM
L,301.6,310.6,1621,33.7,137,9.0,5720.599366750238,4616.900000000001,0,0.16526551412786136,0,LOW
M,298.9,310.0,1456,43.8,15,11.100000000000023,6678.271999295038,657.0,0,0.011350344939276056,0,LOW
L,300.4,310.0,1581,30.3,42,9.600000000000023,5016.526565178718,1272.6000000000001,0,0.010446761787503108,0,LOW
M,299.7,310.7,1498,37.8,146,11.0,5929.693301797662,5518.799999999999,0,0.04962309175396358,0,LOW
L,299.7,309.2,1616,31.6,175,9.5,5347.5771270384985,5530.0,0,0.20145729703356885,0,LOW
L,298.2,308.0,1535,38.0,179,9.800000000000011,6108.303316129754,6802.0,0,0.23466957886163453,0,LOW
M,299.7,309.3,1399,41.9,221,9.600000000000023,6138.473077579728,9259.9,1,0.5382967345757355,1,MEDIUM
M,300.7,311.8,1407,42.4,224,11.100000000000023,6247.245487222518,9497.6,0,0.3160888510966597,0,MEDIUM
L,301.7,309.9,1524,46.6,104,8.199999999999989,7437.029456990046,4846.400000000001,0,0.4316625787039905,0,MEDIUM
H,300.4,311.3,2026,20.3,26,10.900000000000034,4306.893144610343,527.8000000000001,0,0.006009260072804915,0,LOW
L,299.3,308.8,1636,29.9,201,9.5,5122.513429335324,6009.9,0,0.3000347472440794,0,MEDIUM
M,297.3,308.0,1598,29.4,148,10.699999999999989,4919.859759227759,4351.2,0,0.027331945530669522,0,LOW
H,298.6,309.7,1672,27.5,54,11.099999999999966,4815.014340401956,1485.0,0,0.0026232986919226945,0,LOW
L,298.4,309.4,1385,43.2,119,11.0,6265.592388319484,5140.8,0,0.11480683296252153,0,LOW
L,299.9,309.3,1473,40.4,59,9.400000000000034,6231.788851366857,2383.6,0,0.06777054802648563,0,LOW
M,300.6,309.8,1694,31.1,187,9.199999999999989,5516.992746871084,5815.7,0,0.22893761874732968,0,LOW
L,301.2,310.8,1233,64.6,45,9.600000000000023,8341.116990840115,2906.9999999999995,0,0.9831244632283167,1,HIGH
M,300.1,309.3,1469,43.9,20,9.199999999999989,6753.282759887251,878.0,0,0.047965308039760395,0,LOW
L,299.2,309.1,1578,38.1,109,9.900000000000034,6295.94017335316,4152.900000000001,0,0.06759355426926565,0,LOW
M,299.6,309.0,1539,36.1,76,9.399999999999977,5818.009682962545,2743.6,0,0.03027413664136428,0,LOW
M,300.3,309.9,1447,46.5,28,9.599999999999966,7046.121083103867,1302.0,0,0.07156660970203386,0,LOW
L,299.2,308.6,1267,68.2,76,9.400000000000034,9048.77120803673,5183.2,1,0.9909022505025631,1,HIGH
L,302.4,311.4,1475,40.4,126,9.0,6240.250207580525,5090.4,0,0.2796551504649447,0,LOW
L,301.1,312.3,1587,34.5,115,11.199999999999989,5733.563672434052,3967.5,0,0.026103338754269633,0,LOW
M,297.4,308.7,1798,23.0,135,11.300000000000011,4330.58075321841,3105.0,0,0.01995647869640592,0,LOW
L,298.2,307.8,1515,46.7,74,9.600000000000023,7408.975034593488,3455.8,0,0.1290230294949437,0,LOW
L,302.4,311.4,1831,26.9,121,9.0,5157.85634668821,3254.8999999999996,0,0.14090978757534312,0,LOW
L,298.7,308.4,1373,46.9,60,9.699999999999989,6743.292495248835,2814.0,0,0.20896996792168027,0,LOW
M,297.6,309.5,1709,32.2,65,11.899999999999977,5762.707180283854,2093.0,0,0.0024138338132960436,0,LOW
H,297.6,309.6,1428,46.6,13,12.0,6968.555160486735,605.8000000000001,0,0.010871926773336139,0,LOW
H,298.6,309.1,1423,44.3,29,10.5,6601.4181710127195,1284.6999999999998,0,0.02841162613543189,0,LOW
L,303.7,312.5,1481,33.3,182,8.800000000000011,5164.495579162796,6060.599999999999,0,0.4063450408929742,0,MEDIUM
L,298.7,309.9,1593,42.5,146,11.199999999999989,7089.789220988765,6205.0,0,0.06835515067040422,0,LOW
L,300.4,310.8,1390,52.5,144,10.400000000000034,7641.9241298571715,7560.0,0,0.578144629994437,1,MEDIUM
L,297.7,308.4,1487,41.4,84,10.699999999999989,6446.73662072547,3477.6,0,0.04140846952152316,0,LOW
M,300.7,311.7,1412,49.1,219,11.0,7260.136846641915,10752.9,0,0.47608752733950216,0,MEDIUM
M,301.1,310.7,1621,31.0,108,9.599999999999966,5262.272414518023,3348.0,0,0.03490837961750919,0,LOW
H,298.8,308.2,1450,44.7,14,9.399999999999977,6787.410928080749,625.8000000000001,0,0.04593905389846,0,LOW
L,297.5,308.3,1435,40.3,197,10.800000000000011,6055.995798447483,7939.099999999999,0,0.24113460215888524,0,LOW
H,299.0,310.4,1677,30.8,73,11.399999999999977,5408.942903538618,2248.4,0,0.004296557530246026,0,LOW
L,299.6,309.1,1369,51.4,164,9.5,7368.77312060305,8429.6,0,0.7618639090694844,1,HIGH
L,300.7,310.2,1569,32.8,31,9.5,5389.213701674074,1016.8,0,0.01203537821210608,0,LOW
M,300.8,311.4,1852,22.2,53,10.599999999999966,4305.48989989174,1176.6,0,0.006070228797552349,0,LOW
M,299.5,309.3,1675,29.2,132,9.800000000000011,5121.843222902559,3854.4,0,0.04541192931373251,0,LOW
L,300.3,311.1,1388,49.4,128,10.800000000000011,7180.340393240735,6323.2,0,0.34202841983714843,0,MEDIUM
L,300.8,311.4,1492,40.6,20,10.599999999999966,6343.420110324415,812.0,0,0.01543116326208158,0,LOW
L,297.3,307.9,1628,30.2,80,10.599999999999966,5148.609592311144,2416.0,0,0.010437190086595449,0,LOW
L,302.3,311.0,1428,47.9,174,8.699999999999989,7162.956913890871,8334.6,0,0.7654169421605007,1,HIGH
M,299.7,309.2,1608,34.4,68,9.5,5792.594198395003,2339.2,0,0.01911096786449946,0,LOW
L,303.5,311.6,1428,46.2,139,8.100000000000023,6908.739236362386,6421.8,0,0.7185994345308839,1,HIGH
L,298.9,308.6,1400,49.5,79,9.700000000000045,7257.079029792421,3910.5,0,0.32658557475967703,0,MEDIUM
H,297.3,308.0,1384,49.1,206,10.699999999999989,7116.168127303408,10114.6,0,0.485283372638327,0,MEDIUM
L,298.4,309.5,1520,38.1,106,11.100000000000023,6064.530458489737,4038.6000000000004,0,0.030091357917192196,0,LOW
M,302.7,312.4,1422,44.5,49,9.699999999999989,6626.5613842169505,2180.5,0,0.08558662606723809,0,LOW
L,298.8,310.5,1384,52.8,200,11.699999999999989,7652.417049320161,10560.0,0,0.5210090437295272,1,MEDIUM
L,297.7,309.3,1559,36.9,145,11.600000000000023,6024.223824744179,5350.5,0,0.03574599477238693,0,LOW
M,296.6,307.5,1566,35.0,201,10.899999999999977,5739.689778108552,7035.0,0,0.09215995234255896,0,LOW
L,300.1,310.5,1500,39.8,107,10.399999999999977,6251.769380643687,4258.599999999999,0,0.06952149723763648,0,LOW
M,300.0,309.6,1587,32.6,152,9.600000000000023,5417.802194821742,4955.2,0,0.08916901197414685,0,LOW
M,300.9,310.0,1600,36.0,204,9.100000000000023,6031.857894892402,7344.0,0,0.34422528380233686,0,MEDIUM
M,299.2,310.3,1551,44.8,18,11.100000000000023,7276.4312405385335,806.4,0,0.00925510421032679,0,LOW
M,302.0,310.6,1623,34.3,9,8.600000000000023,5829.6335757808265,308.7,0,0.012059595997082813,0,LOW
M,302.5,311.9,1340,59.4,60,9.399999999999977,8335.27362850444,3564.0,0,0.818175078116891,1,HIGH
M,304.2,313.4,1329,54.5,75,9.199999999999989,7584.904223194517,4087.5,0,0.7337616948611277,1,HIGH
H,297.4,308.7,1726,26.8,158,11.300000000000011,4844.000768619078,4234.400000000001,0,0.028744525537836994,0,LOW
L,300.9,310.8,1708,29.1,14,9.900000000000034,5204.865044761425,407.40000000000003,0,0.004876435183914554,0,LOW
L,297.5,309.0,1320,54.7,179,11.5,7561.185198659914,9791.300000000001,0,0.6683646060241049,1,MEDIUM
L,298.9,310.2,1562,42.5,179,11.300000000000011,6951.8209436186135,7607.5,0,0.12163062116101336,0,LOW
M,297.3,308.5,1664,28.9,174,11.199999999999989,5035.93113580239,5028.599999999999,0,0.03804529638738956,0,LOW
M,304.3,313.3,1540,39.0,14,9.0,6289.468492486765,546.0,0,0.024118484731895217,0,LOW
M,301.2,310.4,1697,30.0,120,9.199999999999989,5331.282733141878,3600.0,0,0.06165449078134888,0,LOW
M,300.8,310.2,1598,36.5,195,9.399999999999977,6107.989156864395,7117.5,0,0.26392057779763023,0,LOW
M,301.1,311.1,1592,35.7,174,10.0,5951.684450372791,6211.8,0,0.13129377199784892,0,LOW
H,301.5,310.9,1524,40.4,124,9.399999999999977,6447.553434815404,5009.599999999999,0,0.13600905168367283,0,LOW
M,298.4,308.6,1527,40.9,96,10.200000000000045,6540.199002169767,3926.3999999999996,0,0.04129433765514647,0,LOW
L,296.7,307.7,1502,43.9,84,11.0,6904.990269129102,3687.6,0,0.04121063921232074,0,LOW
L,299.0,310.0,1360,48.1,37,11.0,6850.347500907663,1779.7,0,0.09410948611426191,0,LOW
L,302.6,311.8,1638,35.1,17,9.199999999999989,6020.736656898695,596.7,0,0.015984836487067267,0,LOW
L,302.6,312.2,1377,45.5,54,9.599999999999966,6561.059177389603,2457.0,0,0.19972945618846108,0,LOW
M,302.3,311.7,1640,31.5,199,9.399999999999977,5409.822549481623,6268.5,0,0.26717271544185817,0,LOW
L,302.3,310.8,1421,41.4,102,8.5,6160.600361836512,4222.8,0,0.32758796462059986,0,MEDIUM
L,302.0,310.7,1657,31.9,37,8.699999999999989,5535.3082320415115,1180.3,0,0.02444783047650954,0,LOW
L,300.7,311.1,1688,30.7,161,10.400000000000034,5426.74526190896,4942.7,0,0.09657097540441227,0,LOW
M,299.0,310.4,1394,45.2,122,11.399999999999977,6598.2661063836185,5514.400000000001,0,0.0843259134379074,0,LOW
L,295.6,306.1,1372,55.6,215,10.5,7988.358023744029,11954.0,1,0.7959069725356518,1,HIGH
M,302.2,310.9,1771,27.6,54,8.699999999999989,5118.659742346922,1490.4,0,0.0217115103386419,0,LOW
L,300.3,309.5,1551,37.9,42,9.199999999999989,6155.730893223447,1591.8,0,0.034838916783953046,0,LOW
L,299.0,310.3,1577,40.0,181,11.300000000000011,6605.722152948138,7240.0,0,0.10601391295764002,0,LOW
M,297.5,308.1,1907,23.5,125,10.600000000000023,4692.963465809992,2937.5,0,0.03832001344202101,0,LOW
L,303.1,312.6,1548,36.4,150,9.5,5900.6649856784925,5460.0,0,0.20418640938336166,0,LOW
L,302.7,310.5,1642,30.8,195,7.800000000000011,5296.055007519625,6006.0,0,0.6181352768592562,1,MEDIUM
M,299.0,310.1,1593,35.4,5,11.100000000000023,5905.377374658877,177.0,0,0.0018024952966623098,0,LOW
L,297.9,308.8,1386,48.6,75,10.900000000000034,7053.880816958234,3645.0,0,0.1451943554520854,0,LOW
L,300.8,310.2,1492,46.3,187,9.399999999999977,7233.998795764048,8658.1,0,0.5614720919446601,1,MEDIUM
H,299.3,310.4,1548,41.6,25,11.099999999999966,6743.617126489707,1040.0,0,0.007183042509815857,0,LOW
L,302.4,311.8,1433,42.2,134,9.400000000000034,6332.675863449138,5654.8,0,0.3288113524540744,0,MEDIUM
M,298.4,309.5,1484,41.7,119,11.100000000000023,6480.351662118882,4962.3,0,0.04169908262539616,0,LOW
L,303.5,312.3,1946,21.1,112,8.800000000000011,4299.855977066302,2363.2000000000003,0,0.24269852622696333,0,LOW
L,299.2,308.2,1466,41.3,8,9.0,6340.341349523896,330.4,0,0.04167893674340731,0,LOW
L,299.9,309.3,1471,41.8,109,9.400000000000034,6438.987358846615,4556.2,0,0.18040686593252653,0,LOW
L,297.6,309.4,1628,33.4,229,11.799999999999955,5694.157628582523,7648.599999999999,0,0.1278968638542275,0,LOW
L,300.5,311.9,1350,51.7,18,11.399999999999977,7308.915308576653,930.6,0,0.1342475004979099,0,LOW
L,300.4,309.7,1488,35.7,177,9.300000000000011,5562.880943564519,6318.900000000001,0,0.3016742988949547,0,MEDIUM
M,300.5,310.5,1469,42.9,14,10.0,6599.44943961647,600.6,0,0.021701499310504708,0,LOW
L,299.0,310.4,1512,38.8,109,11.399999999999977,6143.447265947912,4229.2,0,0.02955539876955299,0,LOW
L,302.1,311.4,1686,30.9,106,9.299999999999955,5455.626970370962,3275.3999999999996,0,0.06889869975990365,0,LOW
M,296.1,307.0,1523,42.0,164,10.899999999999977,6698.503855984157,6888.0,0,0.0787403260973763,0,LOW
L,300.5,311.7,1811,26.8,47,11.199999999999989,5082.552370781663,1259.6000000000001,0,0.004628532792211802,0,LOW
M,298.8,309.8,1288,61.9,79,11.0,8349.012860376139,4890.099999999999,0,0.8045844371910281,1,HIGH
M,297.4,308.7,1392,46.4,174,11.300000000000011,6763.7233194726805,8073.599999999999,0,0.19630859222244829,0,LOW
L,298.9,310.2,1411,46.5,202,11.300000000000011,6870.820213033557,9393.0,0,0.3687200967493252,0,MEDIUM
L,296.2,307.3,1711,29.9,42,11.100000000000023,5357.347480191162,1255.8,0,0.003096393003077203,0,LOW
M,297.9,309.9,1410,55.4,188,12.0,8180.078951417103,10415.199999999999,0,0.3396185580201094,0,MEDIUM
M,299.1,308.5,1592,34.2,153,9.399999999999977,5701.613675147044,5232.6,0,0.10724747663784105,0,LOW
L,298.7,309.8,1322,57.0,140,11.100000000000023,7891.052427286842,7980.0,0,0.7312538964380807,1,HIGH
L,298.9,310.3,1484,43.8,124,11.400000000000034,6806.700306973788,5431.2,0,0.07259853679474551,0,LOW
L,298.0,307.5,1644,32.8,215,9.5,5646.824299268437,7051.999999999999,0,0.3626416675518018,0,MEDIUM
M,298.8,310.6,1640,33.8,9,11.800000000000011,5804.825465792979,304.2,0,0.0009449939237524768,0,LOW
L,297.1,308.2,1351,56.6,126,11.099999999999966,8007.563626832976,7131.6,0,0.5959461737866322,1,MEDIUM
L,298.2,307.8,1749,26.1,66,9.600000000000023,4780.341629481837,1722.6000000000001,0,0.01620694899743915,0,LOW
L,301.8,310.8,1456,46.6,35,9.0,7105.193496966868,1631.0,0,0.1778381514643502,0,LOW
L,295.5,306.0,1621,29.5,176,10.5,5007.64632994457,5192.0,0,0.08099132852607188,0,LOW
L,296.9,307.8,1466,45.7,153,10.900000000000034,7015.825657947749,6992.1,0,0.1761742733713745,0,LOW
L,302.5,311.4,1759,24.6,124,8.899999999999977,4531.370411684846,3050.4,0,0.13509964072020808,0,LOW
M,301.4,310.0,1651,29.8,44,8.600000000000023,5152.191007936237,1311.2,0,0.016079980418240568,0,LOW
L,298.9,310.2,1498,50.2,160,11.300000000000011,7874.8836970963675,8032.0,0,0.21272704182058844,0,LOW
L,299.0,308.6,1648,30.8,98,9.600000000000023,5315.407218265738,3018.4,0,0.03738788100297558,0,LOW
L,297.6,308.5,1572,35.9,71,10.899999999999977,5909.838436226974,2548.9,0,0.012055594764994295,0,LOW
L,298.6,309.3,1449,46.5,26,10.699999999999989,7055.860020329996,1209.0,0,0.04411497632051114,0,LOW
L,297.8,308.4,1512,39.9,181,10.599999999999966,6317.617162662929,7221.9,0,0.17682539983121587,0,LOW
M,303.7,312.4,1546,33.7,149,8.699999999999989,5455.920185685298,5021.3,0,0.1949354597416996,0,LOW
M,301.7,309.9,1452,41.5,86,8.199999999999989,6310.203004000458,3569.0,0,0.2060100678760758,0,LOW
L,298.4,309.1,1798,29.6,81,10.700000000000045,5573.269143272389,2397.6,0,0.013048747301738921,0,LOW
M,298.9,309.6,1284,55.3,166,10.700000000000045,7435.647156222465,9179.8,0,0.7710447892348447,1,HIGH
L,298.4,308.7,1523,36.1,126,10.300000000000011,5757.523552405431,4548.6,0,0.06141288108340873,0,LOW
L,301.5,310.5,1593,32.9,155,9.0,5488.330949894832,5099.5,0,0.21700441550977548,0,LOW
L,297.2,308.1,1662,31.3,0,10.900000000000034,5447.584493177773,0.0,0,0.0015655366166533772,0,LOW
L,299.8,310.9,2084,17.6,175,11.099999999999966,3840.953066180929,3080.0000000000005,0,0.4750038615877349,0,MEDIUM
L,298.6,309.1,1537,35.7,198,10.5,5746.067211195339,7068.6,0,0.1920640842991404,0,LOW
L,302.6,312.1,1782,26.8,198,9.5,5001.164177102663,5306.400000000001,0,0.4047368830262295,0,MEDIUM
L,301.4,311.1,1495,36.3,193,9.700000000000045,5682.984030711255,7005.9,0,0.3347467107716649,0,MEDIUM
M,299.1,308.7,2008,20.3,178,9.599999999999966,4268.62854608962,3613.4,0,0.4421943916182758,0,MEDIUM
L,297.4,308.6,1459,41.3,196,11.200000000000045,6310.066868318802,8094.799999999999,0,0.19306172112100367,0,LOW
L,297.8,309.2,1372,47.3,15,11.399999999999977,6795.851340343392,709.5,0,0.039065148157538636,0,LOW
L,297.7,308.2,1334,53.0,156,10.5,7403.896126470185,8268.0,0,0.6785677200342525,1,MEDIUM
L,300.7,309.8,1596,31.5,123,9.100000000000023,5264.680968885775,3874.5,0,0.09901684422478751,0,LOW
L,299.4,309.1,1464,40.5,215,9.700000000000045,6209.043720554867,8707.5,0,0.5068982896659628,1,MEDIUM
L,298.4,309.7,1530,38.6,161,11.300000000000011,6184.539297856866,6214.6,0,0.07395390740123654,0,LOW
M,296.7,307.8,1672,32.4,113,11.100000000000023,5672.962350146304,3661.2,0,0.011443950224879816,0,LOW
L,302.9,312.4,1383,51.4,160,9.5,7444.129456387158,8224.0,0,0.7729985760978038,1,HIGH
M,301.5,310.7,1347,47.9,29,9.199999999999989,6756.654736002103,1389.1,0,0.2102611036748864,0,LOW
L,301.5,310.1,1430,46.5,35,8.600000000000023,6963.340116681776,1627.5,0,0.24231178422156824,0,LOW
L,296.8,308.0,1666,29.8,41,11.199999999999989,5199.000738474725,1221.8,0,0.0027396097477859725,0,LOW
H,298.6,309.4,1362,45.3,56,10.799999999999955,6461.06228322584,2536.7999999999997,0,0.05640477836704113,0,LOW
L,299.7,309.1,1713,33.5,141,9.400000000000034,6009.395507419235,4723.5,0,0.12229696430395524,0,LOW
L,297.9,307.6,1687,29.1,176,9.700000000000045,5140.870802407801,5121.6,0,0.16747662954414214,0,LOW
L,300.2,311.4,1483,44.4,141,11.199999999999989,6895.293219805021,6260.4,0,0.12340374299733461,0,LOW
L,300.5,310.6,1448,46.3,173,10.100000000000023,7020.663710634277,8009.9,0,0.4372725414116797,0,MEDIUM
H,303.3,311.8,1806,27.7,44,8.5,5238.731413567123,1218.8,0,0.024172142301338784,0,LOW
L,303.3,311.6,1514,34.7,130,8.300000000000011,5501.536111015422,4511.0,0,0.26359666064818416,0,LOW
L,301.0,310.4,1563,34.4,124,9.399999999999977,5630.48801746977,4265.599999999999,0,0.10444419736700339,0,LOW
L,299.1,308.2,1568,33.3,123,9.099999999999966,5467.879181719963,4095.8999999999996,0,0.10155040063356002,0,LOW
L,297.4,308.6,1476,42.3,107,11.200000000000045,6538.156966944933,4526.099999999999,0,0.04964519191942103,0,LOW
M,297.4,308.8,1359,48.7,220,11.400000000000034,6930.6989690109785,10714.0,0,0.42804497106564826,0,MEDIUM
M,298.4,308.1,1495,46.0,203,9.700000000000045,7201.577559579002,9338.0,0,0.41474223622496303,0,MEDIUM
L,296.6,307.5,1485,42.7,204,10.899999999999977,6640.227312260066,8710.800000000001,0,0.2501262511901798,0,LOW
L,296.4,307.5,1549,36.1,58,11.100000000000023,5855.813514560743,2093.8,0,0.007818360693984238,0,LOW
M,298.1,307.8,1569,31.2,131,9.699999999999989,5126.325228421681,4087.2,0,0.04307711040190305,0,LOW
H,298.8,308.5,1359,47.6,85,9.699999999999989,6774.153407082599,4046.0,0,0.2492861339270717,0,LOW
M,298.1,308.8,1378,53.5,65,10.699999999999989,7720.254506686677,3477.5,0,0.23058657248889838,0,LOW
M,298.7,309.9,1458,40.2,137,11.199999999999989,6137.792399171451,5507.400000000001,0,0.049183529131728014,0,LOW
M,298.7,309.6,1686,26.2,189,10.900000000000034,4625.806686851754,4951.8,0,0.07252543904242387,0,LOW
L,298.2,308.9,1605,32.0,79,10.699999999999989,5378.406622945726,2528.0,0,0.011534196093701899,0,LOW
L,299.1,310.2,1496,45.0,104,11.099999999999966,7049.733914655495,4680.0,0,0.07177898745335122,0,LOW
L,302.3,311.3,1682,34.4,127,9.0,6059.16880702761,4368.8,0,0.1449427472547124,0,LOW
M,302.5,311.0,1463,43.1,181,8.5,6603.135574996682,7801.1,0,0.577127953506041,1,MEDIUM
L,300.1,309.6,1565,34.8,32,9.5,5703.24730332691,1113.6,0,0.015222884568773857,0,LOW
L,303.8,313.3,1406,52.1,166,9.5,7670.99433387839,8648.6,0,0.7833484410480356,1,HIGH
L,295.6,306.2,1443,48.9,33,10.599999999999966,7389.308664582016,1613.7,0,0.06689514861428567,0,LOW
H,301.4,310.3,1611,41.5,11,8.900000000000034,7001.196308157533,456.5,0,0.02411557161911842,0,LOW
L,299.8,309.9,1553,36.6,157,10.099999999999966,5952.249937050437,5746.2,0,0.13478222727603464,0,LOW
L,303.7,312.7,1335,51.1,161,9.0,7143.82461463051,8227.1,0,0.8766023374714697,1,HIGH
L,300.6,310.6,1508,34.8,62,10.0,5495.525197071553,2157.6,0,0.02131718650305423,0,LOW
M,300.0,309.6,1573,39.7,162,9.600000000000023,6539.5497396880255,6431.400000000001,0,0.1623603568142018,0,LOW
M,298.6,309.4,1465,41.1,30,10.799999999999955,6305.333535387394,1233.0,0,0.01074991047738668,0,LOW
L,301.7,310.1,1500,39.6,56,8.400000000000034,6220.35345410779,2217.6,0,0.11513503471292663,0,LOW
L,300.0,311.4,1927,24.6,132,11.399999999999977,4964.156215643376,3247.2000000000003,0,0.046998915095834544,0,LOW
H,302.5,311.5,1496,43.8,218,9.0,6861.741010264682,9548.4,0,0.6353949966565764,1,MEDIUM
M,298.6,309.2,1742,30.0,37,10.599999999999966,5472.6544025534195,1110.0,0,0.0031623785127325747,0,LOW
L,300.4,309.3,1766,28.2,207,8.900000000000034,5215.1694686652,5837.4,0,0.5064073415629642,1,MEDIUM
H,300.8,310.4,1419,46.4,200,9.599999999999966,6894.916228686589,9280.0,0,0.5844461395821644,1,MEDIUM
M,298.0,308.7,1494,42.6,96,10.699999999999989,6664.825982737674,4089.6000000000004,0,0.03901540196016643,0,LOW
H,297.3,308.1,1554,42.4,158,10.800000000000011,6899.942776932333,6699.2,0,0.07992012429750239,0,LOW
L,298.0,307.7,1643,32.3,200,9.699999999999989,5557.362212469711,6459.999999999999,0,0.2604501106203726,0,LOW
M,302.0,311.0,1980,21.5,20,9.0,4457.919975443916,430.0,0,0.015467843596765663,0,LOW
L,298.7,310.1,1641,31.1,49,11.400000000000034,5344.3831745073485,1523.9,0,0.003521802486644201,0,LOW
M,299.9,309.4,1399,54.8,3,9.5,8028.360970199739,164.39999999999998,0,0.28958916688147934,0,LOW
M,296.9,308.0,1430,55.9,71,11.100000000000023,8370.983065000242,3968.9,0,0.17747358698923968,0,LOW
L,302.5,311.9,1497,41.6,123,9.399999999999977,6521.4436940278365,5116.8,0,0.23014930420893365,0,LOW
L,299.9,310.4,1328,49.9,206,10.5,6939.484956465517,10279.4,0,0.7535462442305362,1,HIGH
M,297.6,308.6,1492,35.5,88,11.0,5546.586549667899,3124.0,0,0.010769969632296372,0,LOW
L,301.2,312.4,1480,53.5,97,11.199999999999989,8291.71021037466,5189.5,0,0.1997666578494086,0,LOW
L,298.9,308.3,1576,36.6,7,9.400000000000034,6040.403026910168,256.2,0,0.011375275960656394,0,LOW
L,296.9,308.4,1557,32.4,173,11.5,5282.776542570452,5605.2,0,0.0465778462976219,0,LOW
M,302.1,310.6,1326,59.1,88,8.5,8206.53116156033,5200.8,1,0.9227325389189569,1,HIGH
L,300.2,309.8,1827,23.0,6,9.600000000000023,4400.428829883223,138.0,0,0.004779660099378145,0,LOW
L,301.1,311.2,1910,20.2,41,10.099999999999966,4040.297592026713,828.1999999999999,0,0.013163478436348802,0,LOW
L,299.8,309.1,1485,39.9,207,9.300000000000011,6204.8025704725205,8259.3,0,0.5201397845530625,1,MEDIUM
H,300.6,309.4,1380,47.6,246,8.799999999999955,6878.831274300211,11709.6,1,0.8761847393780477,1,HIGH
M,303.4,312.7,1399,48.4,34,9.300000000000011,7090.7421707603535,1645.6,0,0.19604823836863353,0,LOW
M,298.9,308.2,1335,47.8,40,9.300000000000011,6682.481733450848,1912.0,0,0.20525869437432986,0,LOW
L,298.2,307.8,1476,36.8,134,9.600000000000023,5688.041994883535,4931.2,0,0.12581934146093043,0,LOW
L,298.0,308.4,1911,22.0,13,10.399999999999977,4402.627944740736,286.0,0,0.004009032341756519,0,LOW
L,302.3,310.9,1459,35.0,32,8.599999999999966,5347.514295185426,1120.0,0,0.03647460785390411,0,LOW
M,302.6,312.1,2000,21.9,200,9.5,4586.725274241097,4380.0,0,0.6064648069740981,1,MEDIUM
M,298.8,310.0,1295,52.7,74,11.199999999999989,7146.75676777386,3899.8,0,0.29249079829417196,0,LOW
L,303.0,311.2,1511,45.7,184,8.199999999999989,7231.18183435133,8408.800000000001,0,0.7409952385498111,1,HIGH
L,298.0,309.1,1820,23.6,120,11.100000000000023,4497.922921899626,2832.0,0,0.026683424676519896,0,LOW
M,299.9,311.3,1703,28.4,134,11.400000000000034,5064.791900313368,3805.6,0,0.016515783530045756,0,LOW
L,301.1,312.2,1397,54.9,81,11.099999999999966,8031.513034828842,4446.9,0,0.35929508535138244,0,MEDIUM
M,302.2,311.7,1466,49.0,66,9.5,7522.43888926564,3234.0,0,0.1833905274604672,0,LOW
L,301.1,310.6,1417,47.6,10,9.5,7063.263707016955,476.0,0,0.1294420979811094,0,LOW
L,301.7,310.7,1542,40.0,188,9.0,6459.114495780615,7520.0,0,0.47922543949073865,0,MEDIUM
M,300.6,309.8,1447,42.9,12,9.199999999999989,6500.614934734535,514.8,0,0.040027056632209596,0,LOW
L,302.5,312.0,2052,18.9,40,9.5,4061.32531885474,756.0,0,0.04897416374745724,0,LOW
H,299.3,308.9,1429,43.0,96,9.599999999999966,6434.7147928377335,4128.0,0,0.12302380563506336,0,LOW
M,301.9,310.9,1641,33.2,3,9.0,5705.257922625208,99.60000000000001,0,0.007002448578886132,0,LOW
L,297.9,307.8,1505,37.3,100,9.900000000000034,5878.60053327478,3729.9999999999995,0,0.055489048939046236,0,LOW
L,300.7,310.2,1387,50.6,83,9.5,7349.462797758985,4199.8,0,0.47011917810221177,0,MEDIUM
L,299.0,310.4,1524,39.8,120,11.399999999999977,6351.797690733987,4776.0,0,0.03899772059074874,0,LOW
L,300.3,311.8,1746,26.3,187,11.5,4808.7102111437525,4918.1,0,0.08936468075886247,0,LOW
L,303.8,312.9,1589,37.2,203,9.099999999999966,6190.068500927185,7551.6,0,0.5044906395557309,1,MEDIUM
L,297.9,307.3,1824,26.3,5,9.400000000000034,5023.532316796223,131.5,0,0.005084884770208477,0,LOW
H,299.9,309.8,1400,48.7,119,9.900000000000034,7139.792904058403,5795.3,0,0.32482569935380223,0,MEDIUM
H,297.4,308.9,1645,30.8,196,11.5,5305.731112892681,6036.8,0,0.05420432110045951,0,LOW
H,303.3,312.6,1692,29.0,125,9.300000000000011,5138.388944211465,3625.0,0,0.07414255330948463,0,LOW
L,299.8,309.6,1374,51.6,137,9.800000000000011,7424.4630863756865,7069.2,0,0.6450611770898566,1,MEDIUM
M,302.8,311.0,1507,33.4,82,8.199999999999989,5270.9432102419305,2738.7999999999997,0,0.0700375029877733,0,LOW
L,295.8,306.5,1505,35.2,86,10.699999999999989,5547.633747219096,3027.2000000000003,0,0.01643011505198536,0,LOW
L,304.0,313.3,1530,34.8,211,9.300000000000011,5575.698641591164,7342.799999999999,0,0.4997872058864515,0,MEDIUM
M,298.2,308.7,1426,42.6,23,10.5,6361.473796107043,979.8000000000001,0,0.017154503505523187,0,LOW
L,298.5,309.5,1738,25.2,49,11.0,4586.473946828811,1234.8,0,0.0037460179563692277,0,LOW
M,297.5,308.4,1596,36.6,80,10.899999999999977,6117.057887657758,2928.0,0,0.009776602371514717,0,LOW
L,300.0,309.5,1717,28.3,48,9.5,5088.4480929948995,1358.4,0,0.013045892299421609,0,LOW
M,300.0,311.4,1352,61.8,10,11.399999999999977,8749.712531366004,618.0,0,0.4606092271511378,0,MEDIUM
M,298.0,307.9,1479,47.6,76,9.899999999999977,7372.312648326097,3617.6,0,0.0995371007424807,0,LOW
M,303.7,312.9,1406,41.9,48,9.199999999999989,6169.187381756325,2011.1999999999998,0,0.0852846850518032,0,LOW
L,299.7,309.0,1412,49.2,85,9.300000000000011,7274.923276064813,4182.0,0,0.39387696835441466,0,MEDIUM
L,300.5,309.8,1461,52.5,146,9.300000000000011,8032.267017065703,7665.0,0,0.6375950306555217,1,MEDIUM
M,300.7,311.3,1487,39.8,50,10.600000000000023,6197.587379344776,1989.9999999999998,0,0.015537063605408076,0,LOW
L,302.4,311.9,1290,70.0,139,9.5,9456.193887305277,9730.0,1,0.9945287168485986,1,HIGH
L,300.8,311.2,1492,39.0,109,10.399999999999977,6093.433110902763,4251.0,0,0.06999532480434512,0,LOW
M,301.0,312.0,1499,34.6,207,11.0,5431.331987183202,7162.200000000001,0,0.12804168137983338,0,LOW
L,299.7,311.1,1650,32.4,60,11.400000000000034,5598.318108697011,1944.0,0,0.00539294279929672,0,LOW
L,298.0,307.7,1442,43.6,148,9.699999999999989,6583.856668079154,6452.8,0,0.3028467314701741,0,MEDIUM
M,299.2,308.9,1521,42.3,215,9.699999999999989,6737.491020815205,9094.5,0,0.38404908517941533,0,MEDIUM
H,298.6,308.4,1407,50.5,164,9.799999999999955,7440.705120394745,8282.0,0,0.5254869748400559,1,MEDIUM
H,298.7,308.5,1420,45.7,143,9.800000000000011,6795.683788735201,6535.1,0,0.2823582536637685,0,LOW
L,299.7,309.4,1399,39.9,91,9.699999999999989,5845.4672027549195,3630.9,0,0.10663950531591582,0,LOW
M,296.9,307.8,1840,24.6,157,10.900000000000034,4740.03499573628,3862.2000000000003,0,0.049485513534257515,0,LOW
L,300.7,312.0,1550,32.4,5,11.300000000000011,5259.026102109314,162.0,0,0.0017972576615975242,0,LOW
M,302.5,311.9,1524,34.8,86,9.399999999999977,5553.833156722179,2992.7999999999997,0,0.03885927277431831,0,LOW
L,304.1,313.6,1382,46.7,134,9.5,6758.550163569769,6257.8,0,0.5566525571831161,1,MEDIUM
L,298.2,308.0,1658,30.0,3,9.800000000000011,5208.760619651876,90.0,0,0.0034124764667678715,0,LOW
L,298.8,309.8,1363,44.0,25,11.0,6280.253154036235,1100.0,0,0.03370147557838079,0,LOW
L,302.9,312.3,1530,34.9,185,9.400000000000034,5591.720764124472,6456.5,0,0.33583472707631423,0,MEDIUM
H,298.1,309.1,1425,44.5,49,11.0,6640.541471525425,2180.5,0,0.027532935511614325,0,LOW
M,300.2,311.3,1587,31.2,73,11.100000000000023,5185.1358428968815,2277.6,0,0.00521304210957785,0,LOW
L,301.6,310.6,1562,34.4,162,9.0,5626.885657893654,5572.8,0,0.26467965117239195,0,LOW
L,301.8,311.5,1443,43.3,134,9.699999999999989,6543.089267411069,5802.2,0,0.2974426825528995,0,LOW
M,298.2,308.9,1414,44.3,68,10.699999999999989,6559.666404646511,3012.3999999999996,0,0.04446332850205918,0,LOW
M,302.2,311.5,1443,47.0,90,9.300000000000011,7102.198511970445,4230.0,0,0.2387446726843686,0,LOW
L,298.2,308.8,1540,34.8,32,10.600000000000023,5612.141116372805,1113.6,0,0.006280743864124498,0,LOW
L,300.8,311.6,1568,36.0,23,10.800000000000011,5911.2207369945545,828.0,0,0.006169974379341038,0,LOW
L,297.9,307.5,1574,35.8,153,9.600000000000023,5900.874425188732,5477.4,0,0.1423446490452109,0,LOW
M,302.6,311.0,1542,39.7,141,8.399999999999977,6410.67113706226,5597.700000000001,0,0.28510762123578826,0,LOW
M,299.9,309.2,1389,51.2,185,9.300000000000011,7447.33388089382,9472.0,0,0.7312761403231187,1,HIGH
M,303.4,312.1,1499,39.4,197,8.700000000000045,6184.811569220177,7761.799999999999,0,0.5143620935886962,1,MEDIUM
H,297.3,308.3,1461,41.5,108,11.0,6349.315832537651,4482.0,0,0.03822394107589258,0,LOW
M,297.2,308.5,1584,40.0,4,11.300000000000011,6635.043684381642,160.0,0,0.0025277069066818965,0,LOW
L,299.5,309.3,1409,44.7,46,9.800000000000011,6595.4910328729475,2056.2000000000003,0,0.10170384665475246,0,LOW
M,298.0,307.6,1569,35.6,173,9.600000000000023,5849.268529865764,6158.8,0,0.1400889054441476,0,LOW
L,299.7,309.6,1399,51.3,144,9.900000000000034,7515.6006892563255,7387.2,0,0.5933748268580099,1,MEDIUM
M,302.5,311.0,1387,52.1,116,8.5,7567.332248285437,6043.6,0,0.7277270720417731,1,HIGH
M,298.3,309.1,1488,40.6,176,10.800000000000011,6326.413622092982,7145.6,0,0.11566706779798278,0,LOW
L,300.0,309.4,1308,50.2,32,9.399999999999977,6876.066672765052,1606.4,0,0.42121899716864286,0,MEDIUM
L,297.6,308.5,1475,42.4,24,10.899999999999977,6549.173485183522,1017.5999999999999,0,0.015459700054689447,0,LOW
L,300.3,311.3,1505,39.6,107,11.0,6241.087965621483,4237.2,0,0.04539468776534024,0,LOW
L,302.4,311.4,1450,44.1,56,9.0,6696.304741126643,2469.6,0,0.17587321583747706,0,LOW
L,301.8,310.0,2032,19.0,203,8.199999999999989,4043.0203056598243,3857.0,0,0.9148324088341208,1,HIGH
L,300.7,310.2,1696,27.5,73,9.5,4884.129378780932,2007.5,0,0.02255395414377271,0,LOW
L,296.2,306.9,1516,39.1,138,10.699999999999989,6207.326316570904,5395.8,0,0.06874006386421601,0,LOW
L,302.0,310.4,1464,47.2,159,8.399999999999977,7236.218854572586,7504.8,0,0.7016660107612762,1,HIGH
L,302.9,311.0,1820,24.6,128,8.100000000000023,4688.512876217407,3148.8,0,0.2804464016373544,0,LOW
L,297.4,308.7,1638,31.9,131,11.300000000000011,5471.837588463486,4178.9,0,0.022567318551225724,0,LOW
L,300.1,311.7,1503,42.6,208,11.599999999999966,6704.975536850552,8860.800000000001,0,0.20235041398679945,0,LOW
L,301.5,310.4,1270,54.2,26,8.899999999999977,7208.27962390666,1409.2,0,0.7916807661949778,1,HIGH
M,302.3,311.0,1541,36.6,143,8.699999999999989,5906.257020601884,5233.8,0,0.20020500325134016,0,LOW
M,300.4,311.8,1707,30.0,165,11.400000000000034,5362.698659677777,4950.0,0,0.035841494134548804,0,LOW
L,302.0,310.9,1455,43.2,220,8.899999999999977,6582.264927801335,9504.0,0,0.7555015631166966,1,HIGH
L,297.9,309.2,1478,39.7,10,11.300000000000011,6144.599183254229,397.0,0,0.0057916467894277976,0,LOW
L,301.7,310.2,1486,43.0,66,8.5,6691.38291263602,2838.0,0,0.1991982244700658,0,LOW
L,298.8,309.1,1477,42.4,158,10.300000000000011,6558.053720417668,6699.2,0,0.21103322776261316,0,LOW
L,299.1,308.5,1415,43.4,0,9.399999999999977,6430.944881653426,0.0,0,0.04887690391956248,0,LOW
M,300.5,311.6,1658,30.4,170,11.100000000000023,5278.210761247235,5168.0,0,0.04702656166746578,0,LOW
L,299.8,309.3,1291,56.4,188,9.5,7624.896697674714,10603.199999999999,0,0.9494941023757492,1,HIGH
L,298.1,307.9,1517,40.8,50,9.799999999999955,6481.482635474174,2039.9999999999998,0,0.03669402943787452,0,LOW
L,302.3,311.4,1609,32.3,49,9.099999999999966,5442.358977397302,1582.6999999999998,0,0.024881823861005757,0,LOW
L,300.6,311.9,1472,44.2,126,11.299999999999955,6813.318595497351,5569.200000000001,0,0.0974003742492273,0,LOW
L,299.0,308.5,1886,23.0,198,9.5,4542.533537580602,4554.0,0,0.4871079597612407,0,MEDIUM
L,302.4,311.8,1255,59.0,138,9.400000000000034,7753.974267835208,8142.0,0,0.9710859260440774,1,HIGH
L,296.9,307.7,1550,39.7,124,10.800000000000011,6443.930131288264,4922.8,0,0.0510015273199227,0,LOW
H,303.4,312.2,1554,36.8,85,8.800000000000011,5988.629579979007,3127.9999999999995,0,0.07651346767712879,0,LOW
M,300.6,309.8,1532,42.5,130,9.199999999999989,6818.303255841048,5525.0,0,0.17811610487641893,0,LOW
L,301.7,310.1,1487,48.0,36,8.400000000000034,7474.4772414208355,1728.0,0,0.2603644641013727,0,LOW
L,301.4,310.6,1557,38.2,157,9.200000000000045,6228.458763154052,5997.400000000001,0,0.26957156004209526,0,LOW
L,302.7,310.5,1563,35.0,8,7.800000000000011,5728.694203820987,280.0,0,0.037119274782605446,0,LOW
H,300.9,311.4,1387,42.7,121,10.5,6202.017024986338,5166.700000000001,0,0.12482611225489641,0,LOW
L,295.9,306.6,1679,30.4,117,10.700000000000045,5345.063852915626,3556.7999999999997,0,0.0219829948552603,0,LOW
L,300.5,311.9,1576,31.1,149,11.399999999999977,5132.692189532957,4633.900000000001,0,0.03488123580098392,0,LOW
L,302.6,312.4,1386,45.8,38,9.799999999999955,6647.484391289858,1740.3999999999999,0,0.14521828364915723,0,LOW
M,302.3,311.6,1608,39.9,136,9.300000000000011,6718.735712673275,5426.4,0,0.13705834828644292,0,LOW
L,299.6,310.2,1381,60.5,13,10.599999999999966,8749.387900125133,786.5,0,0.5544436883068806,1,MEDIUM
M,301.3,311.5,1648,32.4,0,10.199999999999989,5591.532268565257,0.0,0,0.002466934347626237,0,LOW
H,300.3,311.7,1655,29.9,193,11.399999999999977,5182.004722218804,5770.7,0,0.06487072545887441,0,LOW
L,302.3,311.5,1543,33.1,39,9.199999999999989,5348.383469152919,1290.9,0,0.02031937211425623,0,LOW
M,302.5,312.0,1451,43.2,189,9.5,6564.169354116658,8164.8,0,0.4488283558113564,0,MEDIUM
M,301.7,311.0,1298,58.1,168,9.300000000000011,7897.314668642998,9760.800000000001,0,0.9420775165286117,1,HIGH
M,297.4,309.3,1775,25.8,91,11.900000000000034,4795.641185704819,2347.8,0,0.003937727141724309,0,LOW
M,297.2,307.9,1456,44.9,85,10.699999999999989,6845.991159094686,3816.5,0,0.04941734775289415,0,LOW
L,297.4,308.1,1348,53.7,68,10.700000000000045,7580.411745699884,3651.6000000000004,0,0.37858112656963916,0,MEDIUM
M,301.4,310.5,1451,45.3,183,9.100000000000023,6883.260919941773,8289.9,0,0.5318012523456075,1,MEDIUM
L,303.4,311.5,1879,21.3,78,8.100000000000023,4191.1673432276075,1661.4,0,0.12936545345019126,0,LOW
L,299.0,310.4,1713,28.0,116,11.399999999999977,5022.778334559361,3248.0,0,0.015659674636858703,0,LOW
L,298.0,307.7,1606,30.8,17,9.699999999999989,5179.941743042947,523.6,0,0.005125750260801087,0,LOW
L,302.8,311.0,1564,38.5,85,8.199999999999989,6305.595334775193,3272.5,0,0.17276167663408992,0,LOW
L,298.1,309.0,1502,40.9,153,10.899999999999977,6433.123052559914,6257.7,0,0.10672743241856145,0,LOW
L,301.3,311.1,1723,27.6,210,9.800000000000011,4979.927010764397,5796.0,0,0.3633571371525402,0,MEDIUM
M,304.0,313.0,1575,34.5,92,9.0,5690.209693814512,3174.0,0,0.05946642080970595,0,LOW
M,303.9,313.1,1437,48.3,110,9.200000000000045,7268.294515565736,5313.0,0,0.3906938677998302,0,MEDIUM
L,299.8,309.5,1641,27.1,16,9.699999999999989,4657.002701901902,433.6,0,0.003976257416725262,0,LOW
L,302.2,311.4,1449,46.5,60,9.199999999999989,7055.860020329996,2790.0,0,0.22499236468028386,0,LOW
L,300.0,311.3,1520,39.2,43,11.300000000000011,6239.6218890498085,1685.6000000000001,0,0.010214329175454845,0,LOW
M,301.4,310.8,1530,39.9,107,9.400000000000034,6392.82689078987,4269.3,0,0.09172736526231065,0,LOW
L,297.4,308.5,1418,51.2,52,11.100000000000023,7602.821773295491,2662.4,0,0.11709671675918945,0,LOW
L,297.3,308.3,2358,14.9,49,11.0,3679.2448203251506,730.1,0,0.18133507379479574,0,LOW
L,298.7,309.7,1667,30.4,92,11.0,5306.862086247974,2796.7999999999997,0,0.012032840053314607,0,LOW
L,300.3,309.8,1523,39.2,24,9.5,6251.9369322518805,940.8000000000001,0,0.025660469331263636,0,LOW
L,295.7,306.2,1464,46.2,92,10.5,7082.909133077404,4250.400000000001,0,0.09737514022480534,0,LOW
L,298.4,309.1,1579,36.1,123,10.700000000000045,5969.225009355334,4440.3,0,0.04144669581048649,0,LOW
L,302.4,312.0,1305,49.1,16,9.600000000000023,6709.970669169759,785.6,0,0.3169946178361498,0,MEDIUM
L,298.5,310.0,1804,26.1,22,11.5,4930.666837956109,574.2,0,0.001700394186402445,0,LOW
L,302.6,311.0,1660,38.0,99,8.399999999999977,6605.722152948138,3762.0,0,0.1551799704545247,0,LOW
M,297.1,308.5,1621,32.4,194,11.399999999999977,5499.923426786579,6285.599999999999,0,0.05316520779501696,0,LOW
M,297.6,309.3,1529,41.9,3,11.699999999999989,6708.881583716515,125.69999999999999,0,0.00301340435122933,0,LOW
L,298.1,307.7,1479,45.0,136,9.599999999999966,6969.623301988956,6120.0,0,0.27792867488833045,0,LOW
L,300.6,309.4,1442,43.2,96,8.799999999999955,6523.454313326133,4147.200000000001,0,0.2777661687077737,0,LOW
L,302.4,311.9,1867,25.9,121,9.5,5063.755174737684,3133.8999999999996,0,0.11560320124560347,0,LOW
L,302.3,311.0,1442,43.7,152,8.699999999999989,6598.957256767409,6642.400000000001,0,0.5614385992175737,1,MEDIUM
L,300.3,311.8,1488,38.4,51,11.5,5983.603031733263,1958.3999999999999,0,0.01008574934158404,0,LOW
M,297.7,309.1,1732,28.1,167,11.400000000000034,5096.626705869746,4692.7,0,0.03259631606975743,0,LOW
L,300.4,310.5,1402,54.3,44,10.100000000000023,7972.16834960253,2389.2,0,0.3764622717914087,0,MEDIUM
H,299.5,309.1,1548,44.3,40,9.600000000000023,7181.303814987836,1772.0,0,0.03830450569584529,0,LOW
M,301.0,310.7,1493,48.1,145,9.699999999999989,7520.271190334663,6974.5,0,0.2992347814270994,0,LOW
L,302.6,310.9,1331,52.0,154,8.299999999999955,7247.863691341891,8008.0,1,0.9222854161710174,1,HIGH
L,301.4,309.9,1259,63.9,20,8.5,8424.714771352139,1278.0,1,0.9846514465802372,1,HIGH
H,299.2,308.7,1375,55.1,78,9.5,7933.830447253223,4297.8,0,0.5647153772717702,1,MEDIUM
L,300.1,309.6,1321,46.9,75,9.5,6487.901956463009,3517.5,0,0.3613757740595364,0,MEDIUM
H,298.9,310.2,1771,26.8,216,11.300000000000011,4970.292793293388,5788.8,0,0.13268385433579244,0,LOW
M,300.3,311.1,1477,44.2,166,10.800000000000011,6836.461661378797,7337.200000000001,0,0.15762182580686213,0,LOW
L,301.3,310.8,1390,57.4,164,9.5,8355.170381977174,9413.6,0,0.8766195409299095,1,HIGH
L,299.1,308.3,1489,38.1,32,9.199999999999989,5940.845955717907,1219.2,0,0.030971204925279945,0,LOW
H,298.2,310.0,1433,44.2,68,11.800000000000011,6632.802681622083,3005.6000000000004,0,0.019788628921145652,0,LOW
M,296.2,307.2,1385,44.0,5,11.0,6381.621876992066,220.0,0,0.012254803703546917,0,LOW
M,298.2,307.7,1608,33.8,106,9.5,5691.560578655555,3582.7999999999997,0,0.036135286571033653,0,LOW
L,301.1,310.1,1489,45.8,42,9.0,7141.489364091341,1923.6,0,0.1447015075890654,0,LOW
L,298.7,310.1,1620,34.8,112,11.400000000000034,5903.680914625938,3897.5999999999995,0,0.01828374599961542,0,LOW
L,303.9,312.6,1426,53.4,172,8.700000000000045,7974.241800753899,9184.8,0,0.8746006002464086,1,HIGH
L,302.6,312.3,1647,31.8,52,9.699999999999989,5484.655286490132,1653.6000000000001,0,0.01730269025442722,0,LOW
L,301.2,310.8,1479,38.2,139,9.600000000000023,5916.435780799514,5309.8,0,0.18527641523287613,0,LOW
L,297.8,308.4,1374,47.1,150,10.599999999999966,6776.98084047083,7065.0,0,0.34861739922759244,0,MEDIUM
M,300.2,310.6,1983,20.8,83,10.400000000000034,4319.312907567535,1726.4,0,0.02901370034632051,0,LOW
L,298.3,309.5,1711,30.3,148,11.199999999999989,5429.017680595058,4484.400000000001,0,0.03747337779431636,0,LOW
L,298.7,308.5,1353,47.0,190,9.800000000000011,6659.233947814284,8930.0,0,0.6732368103866103,1,MEDIUM
M,297.3,308.4,1521,38.2,87,11.099999999999966,6084.4481559134965,3323.4,0,0.012969683096171442,0,LOW
L,300.2,310.2,1530,48.5,15,10.0,7770.729428654353,727.5,0,0.05812789877771163,0,LOW
L,297.5,308.3,2564,12.8,127,10.800000000000011,3436.8185872231384,1625.6000000000001,1,0.9617833418510586,1,HIGH
L,303.8,313.2,1336,47.8,176,9.399999999999977,6687.487337745568,8412.8,0,0.7954213060771813,1,HIGH
L,299.8,310.4,1579,36.4,0,10.599999999999966,6018.830757355517,0.0,0,0.004353879505371349,0,LOW
L,301.3,310.8,1432,54.4,51,9.5,8157.752699625592,2774.4,0,0.4558714632297123,0,MEDIUM
L,301.4,310.7,1428,53.7,176,9.300000000000011,8030.287813693943,9451.2,0,0.8046690341582565,1,HIGH
M,300.7,310.6,1418,46.3,84,9.900000000000034,6875.20797077307,3889.2,0,0.14771728207707316,0,LOW
L,301.0,310.9,1492,44.6,15,9.899999999999977,6968.387608878544,669.0,0,0.044409216437195656,0,LOW
L,302.2,310.1,1458,45.1,15,7.900000000000034,6885.931273697324,676.5,0,0.21215722981741475,0,LOW
M,299.1,310.0,1437,41.1,192,10.899999999999977,6184.82204119569,7891.200000000001,0,0.17522571119419617,0,LOW
M,301.6,310.5,1414,49.3,106,8.899999999999977,7300.035073342506,5225.799999999999,0,0.464370559660939,0,MEDIUM
H,297.8,307.8,1662,30.7,48,10.0,5343.157953372448,1473.6,0,0.005947087128293005,0,LOW
M,298.7,310.0,1459,40.2,69,11.300000000000011,6142.002133327261,2773.8,0,0.013530287031561583,0,LOW
M,303.3,311.5,1384,54.8,48,8.199999999999989,7942.281331491379,2630.3999999999996,0,0.7150037060472654,1,HIGH
M,300.2,310.4,1530,35.7,80,10.199999999999989,5719.897744390937,2856.0,0,0.018834393497542016,0,LOW
L,297.5,308.7,1371,46.5,121,11.199999999999989,6676.04146851099,5626.5,0,0.16807665173972816,0,LOW
L,298.0,308.6,1313,50.8,170,10.600000000000023,6984.849554383353,8636.0,0,0.6618155730259668,1,MEDIUM
L,298.7,309.7,1881,21.7,29,11.0,4274.419548547736,629.3,0,0.0036632560478278174,0,LOW
M,302.3,310.1,1731,33.4,112,7.800000000000011,6054.414530145176,3740.7999999999997,0,0.15295426963250824,0,LOW
L,300.9,311.1,1457,37.4,96,10.200000000000045,5706.367952029475,3590.3999999999996,0,0.055732070521709386,0,LOW
M,302.3,311.7,1494,37.1,114,9.399999999999977,5804.34375491943,4229.400000000001,0,0.0879322979757554,0,LOW
L,300.5,311.9,1546,39.4,203,11.399999999999977,6378.731611750763,7998.2,0,0.16208923311142115,0,LOW
M,299.0,310.3,1657,31.0,70,11.300000000000011,5379.139661231563,2170.0,0,0.004068564477022965,0,LOW
H,298.7,310.2,1613,36.0,0,11.5,6080.866740288403,0.0,0,0.0013362558897292696,0,LOW
L,300.7,309.6,1661,30.3,129,8.900000000000034,5270.367251588773,3908.7000000000003,0,0.12558887732259064,0,LOW
L,298.4,309.4,1540,43.2,141,11.0,6966.795868600725,6091.200000000001,0,0.09030612459894334,0,LOW
L,302.2,311.3,1530,37.3,207,9.100000000000023,5976.251704923862,7721.099999999999,1,0.5237145891308419,1,MEDIUM
M,300.8,311.4,1521,39.9,15,10.599999999999966,6355.2220267264,598.5,0,0.007603857951532637,0,LOW
L,302.2,310.0,1483,48.7,20,7.800000000000011,7563.08062622758,974.0,0,0.3365610640513027,0,MEDIUM
L,301.4,311.3,2323,15.9,50,9.900000000000034,3867.8974591732176,795.0,0,0.29437174382976444,0,LOW
L,302.3,311.5,1530,37.8,57,9.199999999999989,6056.362317590402,2154.6,0,0.05379014037937478,0,LOW
L,296.9,308.1,1435,45.3,62,11.200000000000045,6807.360041431042,2808.6,0,0.04263825252915401,0,LOW
L,298.7,309.6,1516,38.5,61,10.900000000000034,6112.073227314062,2348.5,0,0.015976845617039565,0,LOW
M,296.4,307.4,1416,50.0,210,11.0,7414.158662471911,10500.0,0,0.3913777824156065,0,MEDIUM
M,301.8,311.0,1756,26.7,33,9.199999999999989,4909.806662736271,881.1,0,0.0083429197226241,0,LOW
L,300.5,310.5,1452,42.9,29,10.0,6523.077322207702,1244.1,0,0.04500255792026552,0,LOW
L,302.5,310.5,1436,36.5,43,8.0,5488.781244841847,1569.5,0,0.08937378757717435,0,LOW
L,301.6,310.6,1455,43.9,0,9.0,6688.921998390708,0.0,0,0.06974469243854678,0,LOW
L,298.5,309.7,1634,37.8,78,11.199999999999989,6468.036618916809,2948.3999999999996,0,0.012905975654819688,0,LOW
M,301.8,309.9,1334,61.0,182,8.099999999999966,8521.465353107194,11102.0,1,0.9796506079093327,1,HIGH
H,302.3,311.7,1482,39.0,127,9.399999999999977,6052.5924064060955,4953.0,0,0.1440952483047583,0,LOW
L,303.4,311.5,1501,36.2,69,8.100000000000023,5690.073558132857,2497.8,0,0.12560160448516458,0,LOW
L,297.5,308.6,1513,39.7,32,11.100000000000023,6290.107282992996,1270.4,0,0.008890499854183513,0,LOW
M,299.0,308.6,1645,33.4,22,9.600000000000023,5753.617505539467,734.8,0,0.005792085731704265,0,LOW
L,300.8,310.8,1689,32.9,151,10.0,5819.077824464765,4967.9,0,0.10714397432029293,0,LOW
L,300.3,311.7,1571,31.2,123,11.399999999999977,5132.859741141147,3837.6,0,0.01951465155109469,0,LOW
L,301.8,310.6,1395,50.5,131,8.800000000000011,7377.244948792231,6615.5,0,0.7381506617822482,1,HIGH
L,298.4,309.5,1450,47.9,112,11.100000000000023,7273.310591835969,5364.8,0,0.1361566445282285,0,LOW
L,297.9,307.6,1968,20.4,171,9.700000000000045,4204.204952740004,3488.3999999999996,0,0.4081664083718492,0,MEDIUM
L,300.4,310.6,1429,46.9,19,10.200000000000045,7018.328460095108,891.1,0,0.0743770046392783,0,LOW
L,299.5,309.1,1415,49.2,8,9.600000000000023,7290.379911920473,393.6,0,0.1442695339414783,0,LOW
H,297.4,308.6,1420,45.8,120,11.200000000000045,6810.553993962192,5496.0,0,0.08556122302765495,0,LOW
M,302.3,311.7,1486,39.6,147,9.399999999999977,6162.2968218694505,5821.2,0,0.19785144536227053,0,LOW
M,297.8,307.5,1405,46.9,113,9.699999999999989,6900.455903732421,5299.7,0,0.23402860139489007,0,LOW
L,300.1,310.1,1650,31.6,19,10.0,5460.08803193906,600.4,0,0.005630302400250634,0,LOW
L,298.8,309.3,1450,44.8,63,10.5,6802.595292573098,2822.3999999999996,0,0.06753627752877238,0,LOW
M,297.5,308.6,1510,35.5,155,11.100000000000023,5613.502473189362,5502.5,0,0.03780574498561793,0,LOW
L,301.0,310.8,1475,35.3,19,9.800000000000011,5452.495849692884,670.6999999999999,0,0.011569649402545805,0,LOW
L,298.2,308.8,1345,44.3,37,10.600000000000023,6239.569529172247,1639.1,0,0.05924492827138546,0,LOW
M,300.6,309.5,1530,40.2,93,8.899999999999977,6440.893258389794,3738.6000000000004,0,0.09838612529952334,0,LOW
M,296.9,308.1,1440,46.3,64,11.200000000000045,6981.875513337956,2963.2,0,0.03337629962362062,0,LOW
M,303.9,312.7,1485,43.3,174,8.800000000000011,6733.532614071682,7534.2,0,0.500047416541013,1,MEDIUM
L,302.3,310.9,1545,36.7,18,8.599999999999966,5937.767194917389,660.6,0,0.03268635207718142,0,LOW
L,302.2,311.2,1381,49.4,207,9.0,7144.1283019203565,10225.8,0,0.872868318609618,1,HIGH
L,300.1,310.1,1684,30.8,13,10.0,5431.520482742418,400.40000000000003,0,0.0046929954705646195,0,LOW
L,299.9,310.4,1408,38.4,144,10.5,5661.903944005669,5529.599999999999,0,0.12602832426978416,0,LOW
M,298.0,308.6,1507,37.3,217,10.600000000000023,5886.412627006707,8094.099999999999,0,0.19064449681945425,0,LOW
L,295.5,306.0,1800,27.6,208,10.5,5202.477434344697,5740.8,0,0.21073343363630284,0,LOW
M,299.0,308.8,1418,45.7,204,9.800000000000011,6786.112403117265,9322.800000000001,0,0.5038195378276934,1,MEDIUM
H,299.1,310.4,1405,53.6,86,11.299999999999955,7886.2353185513375,4609.6,0,0.18801170560161834,0,LOW
H,299.4,309.0,1607,33.7,130,9.600000000000023,5671.192586284783,4381.0,0,0.06207949757727787,0,LOW
L,302.3,311.2,1786,24.3,81,8.899999999999977,4544.81642824221,1968.3,0,0.05321819820321655,0,LOW
H,298.4,307.9,1948,21.4,136,9.5,4365.47337562428,2910.3999999999996,0,0.152690934947578,0,LOW
L,298.8,309.8,1493,38.5,132,11.0,6019.3438841556035,5082.0,0,0.05893512809761308,0,LOW
M,300.1,309.4,1569,31.6,124,9.299999999999955,5192.047346734779,3918.4,0,0.057025556300080216,0,LOW
L,300.1,311.4,1660,31.4,38,11.299999999999955,5458.412515857146,1193.2,0,0.00337931841471208,0,LOW
L,302.2,311.2,1649,33.2,9,9.0,5733.07148958499,298.8,0,0.012399557766506088,0,LOW
L,298.4,309.1,1423,48.0,135,10.700000000000045,7152.778153693241,6480.0,0,0.26090186817723576,0,LOW
L,299.3,308.6,1403,50.6,189,9.300000000000011,7434.243911503862,9563.4,0,0.7795926163141891,1,HIGH
M,300.7,310.6,1609,27.6,108,9.900000000000034,4650.4367732558985,2980.8,0,0.02129040614964605,0,LOW
L,296.8,307.6,1338,44.4,128,10.800000000000011,6221.107436344651,5683.2,0,0.19079621291104826,0,LOW
H,300.8,310.9,1425,44.0,33,10.099999999999966,6565.928646002667,1452.0,0,0.04317401395192214,0,LOW
L,297.8,307.3,1327,61.0,186,9.5,8476.750017671098,11346.0,1,0.9589662380494514,1,HIGH
M,304.0,313.0,1685,28.2,66,9.0,4975.9686040208735,1861.2,0,0.022542239714554876,0,LOW
L,302.7,312.2,1611,34.1,186,9.5,5752.790219474022,6342.6,0,0.30245904877037283,0,MEDIUM
M,297.8,307.3,1804,26.0,222,9.5,4911.775394132522,5772.0,0,0.39130592787483753,0,MEDIUM
L,300.2,309.3,1366,49.3,59,9.100000000000023,7052.226244827344,2908.7,0,0.4248818461990383,0,MEDIUM
L,298.6,309.5,1450,44.3,7,10.899999999999977,6726.673470111345,310.09999999999997,0,0.01923380450884047,0,LOW
L,299.1,310.5,1628,35.9,174,11.399999999999977,6120.367031919539,6246.599999999999,0,0.0675621113756669,0,LOW
L,302.1,311.5,1533,39.4,26,9.399999999999977,6325.094153178474,1024.3999999999999,0,0.03219376355775764,0,LOW
L,301.8,311.3,1471,44.2,148,9.5,6808.689982321063,6541.6,0,0.37914763020914327,0,MEDIUM
L,300.3,310.1,1483,39.9,174,9.800000000000011,6196.445934013971,6942.599999999999,0,0.29953941263080436,0,LOW
H,300.8,311.2,1612,32.5,143,10.399999999999977,5486.267970718975,4647.5,0,0.048119334513360666,0,LOW
L,298.6,308.9,1327,58.8,9,10.299999999999955,8171.031164574763,529.1999999999999,0,0.630602090200298,1,MEDIUM
L,298.0,307.7,1479,42.5,47,9.699999999999989,6582.422007434014,1997.5,0,0.0536303186509219,0,LOW
L,301.6,310.1,1687,26.6,16,8.5,4699.215235190637,425.6,0,0.011256194535034519,0,LOW
H,303.0,311.2,1503,37.0,152,8.199999999999989,5823.570301959399,5624.0,0,0.34207458382840367,0,MEDIUM
L,301.8,310.7,2092,18.6,51,8.899999999999977,4074.7713354121056,948.6,0,0.11802723774926659,0,LOW
M,297.3,308.3,1544,41.7,6,11.0,6742.360489428271,250.20000000000002,0,0.0047080179969115395,0,LOW
H,299.7,309.5,1375,46.8,86,9.800000000000011,6738.7162419501055,4024.7999999999997,0,0.2075873789629076,0,LOW
M,301.6,310.2,1411,45.1,54,8.599999999999966,6663.956808770181,2435.4,0,0.1954065873738023,0,LOW
H,299.4,309.1,1373,44.1,81,9.700000000000045,6340.707868666816,3572.1,0,0.13534359016816738,0,LOW
L,302.1,311.2,1550,34.8,177,9.099999999999966,5648.583591154447,6159.599999999999,0,0.3296498753689331,0,MEDIUM
M,302.9,311.0,1437,49.9,55,8.100000000000023,7509.0661765368595,2744.5,0,0.4344381660777408,0,MEDIUM
H,299.9,310.1,1447,51.4,185,10.200000000000045,7788.615562828792,9509.0,0,0.5005748881838032,1,MEDIUM
M,298.0,308.5,1666,31.0,198,10.5,5408.356472909948,6138.0,0,0.10993739302285438,0,LOW
H,299.0,310.1,1555,38.6,118,11.100000000000023,6285.593861547338,4554.8,0,0.02662508633285317,0,LOW
M,300.8,310.8,1520,38.0,45,10.0,6048.613055711548,1710.0,0,0.015486576702666437,0,LOW
M,297.9,309.2,1529,38.1,96,11.300000000000011,6100.438862520268,3657.6000000000004,0,0.013540265125706708,0,LOW
M,300.7,309.5,1470,48.7,21,8.800000000000011,7496.782549261323,1022.7,0,0.139290890815299,0,LOW
L,302.3,311.7,1414,47.0,11,9.399999999999977,6959.465485742348,517.0,0,0.13686396093634412,0,LOW
L,300.6,310.5,1509,43.1,31,9.899999999999977,6810.75296149692,1336.1000000000001,0,0.041429127963669946,0,LOW
L,296.3,307.4,1648,34.0,60,11.099999999999966,5867.657318864776,2040.0,0,0.006052071189822395,0,LOW
H,300.5,309.4,1502,34.3,40,8.899999999999977,5395.015176107703,1372.0,0,0.018809521185983648,0,LOW
L,302.3,311.1,1373,53.0,181,8.800000000000011,7620.351860302521,9593.0,0,0.9056972525986975,1,HIGH
L,296.0,306.6,1511,35.2,119,10.600000000000023,5569.750559500369,4188.8,0,0.034596172465200546,0,LOW
L,299.9,311.4,1706,28.8,111,11.5,5145.1747843432195,3196.8,0,0.013934075600605509,0,LOW
M,300.0,309.0,1368,45.8,81,9.0,6561.15342516921,3709.7999999999997,0,0.26360402715031744,0,LOW
L,297.2,308.1,1474,44.3,152,10.900000000000034,6838.011513754567,6733.599999999999,0,0.14989818490229884,0,LOW
L,299.6,308.9,1613,30.8,80,9.299999999999955,5202.519322246745,2464.0,0,0.031150553312444918,0,LOW
L,302.3,311.2,1633,36.4,114,8.899999999999977,6224.66790801872,4149.599999999999,0,0.13868112967685042,0,LOW
L,297.0,307.8,1385,56.4,202,10.800000000000011,8180.078951417103,11392.8,1,0.7450615121716948,1,HIGH
L,301.8,310.2,2825,5.8,215,8.399999999999977,1715.8331876356253,1247.0,1,0.9999985769631001,1,HIGH
H,300.4,309.7,1500,35.2,112,9.300000000000011,5529.203070318036,3942.4000000000005,0,0.0680449870551541,0,LOW
L,300.8,309.7,1481,38.1,153,8.899999999999977,5908.927374357434,5829.3,0,0.3201873642842946,0,MEDIUM
M,299.7,310.9,1685,32.1,88,11.199999999999989,5664.134474789717,2824.8,0,0.007456859452622672,0,LOW
L,297.4,309.0,1505,39.2,209,11.600000000000023,6178.046673039448,8192.800000000001,0,0.14320605768581407,0,LOW
L,301.0,310.4,1614,31.6,84,9.399999999999977,5340.958838514935,2654.4,0,0.037138309047390405,0,LOW
H,300.7,309.7,1623,32.7,0,9.0,5557.697315686096,0.0,0,0.006024736694411297,0,LOW
L,302.3,311.4,1504,38.7,65,9.099999999999966,6095.192402788773,2515.5,0,0.07833319747978039,0,LOW
M,298.4,308.2,1468,43.8,2,9.800000000000011,6733.312702585931,87.6,0,0.02094345206681853,0,LOW
L,298.3,308.4,1528,37.3,160,10.099999999999966,5968.439611191936,5968.0,0,0.14133329857610308,0,LOW
L,298.2,308.7,1408,46.3,3,10.5,6826.722724152667,138.89999999999998,0,0.04175844178268972,0,LOW
L,300.8,311.2,1434,45.6,174,10.399999999999977,6847.6666751766,7934.400000000001,0,0.39251204458100003,0,MEDIUM
M,300.6,309.6,1588,37.0,50,9.0,6152.913931810729,1850.0,0,0.026533253677569354,0,LOW
L,300.3,311.6,1374,47.4,197,11.300000000000011,6820.146323531153,9337.8,0,0.450346913766989,0,MEDIUM
L,297.8,308.5,1561,46.3,194,10.699999999999989,7568.546997444824,8982.199999999999,0,0.24134829360887636,0,LOW
H,298.7,309.7,1311,54.5,52,11.0,7482.17414342213,2834.0,0,0.3319234494319274,0,MEDIUM
L,300.7,310.4,1543,47.3,203,9.699999999999989,7642.856135677735,9601.9,0,0.5148926068734426,1,MEDIUM
L,300.6,312.2,1308,54.7,52,11.599999999999966,7492.447151399369,2844.4,0,0.3648289772374064,0,MEDIUM
M,297.9,308.5,1300,53.0,172,10.600000000000023,7215.191127744558,9116.0,0,0.6773757134198523,1,MEDIUM
M,299.2,309.0,1597,30.3,115,9.800000000000011,5067.294702460728,3484.5,0,0.02913423380008785,0,LOW
L,298.4,308.9,1496,37.9,194,10.5,5937.442563676517,7352.599999999999,0,0.21308551740998125,0,LOW
M,301.0,312.2,2710,9.7,143,11.199999999999989,2752.7682028304957,1387.1,1,0.9966346653411498,1,HIGH
L,299.7,310.3,1386,46.6,2,10.600000000000023,6763.597655766537,93.2,0,0.05042643319733669,0,LOW
L,300.8,311.7,1432,45.8,6,10.899999999999977,6868.107971375956,274.79999999999995,0,0.031519207480982456,0,LOW
L,303.9,313.0,1759,28.4,74,9.100000000000023,5231.338198855675,2101.6,0,0.04426808297024837,0,LOW
H,301.8,310.6,1441,46.3,100,8.800000000000011,6986.724037999997,4630.0,0,0.32823290693275586,0,MEDIUM
L,298.2,308.4,1424,47.6,179,10.199999999999989,7098.156329422827,8520.4,0,0.47546196584463674,0,MEDIUM
L,300.2,310.2,1415,49.6,21,10.0,7349.651293318201,1041.6000000000001,0,0.14750780866393837,0,LOW
M,297.3,308.4,1599,32.9,58,11.099999999999966,5509.0026295554535,1908.1999999999998,0,0.0036854983355949326,0,LOW
L,298.0,308.3,1362,56.8,216,10.300000000000011,8101.28780766507,12268.8,1,0.8723533787984957,1,HIGH
L,302.6,311.5,1609,36.0,162,8.899999999999977,6065.787095551173,5832.0,0,0.30442843656185076,0,MEDIUM
L,297.3,308.5,1384,39.6,144,11.199999999999989,5739.312786990121,5702.400000000001,0,0.08507485168266984,0,LOW
M,301.4,310.7,1639,29.8,127,9.300000000000011,5114.743223505447,3784.6,0,0.06267999637807388,0,LOW
L,301.2,310.4,1390,49.9,74,9.199999999999989,7263.466934854721,3692.6,0,0.46405385651915915,0,MEDIUM
M,300.3,311.7,1319,51.4,170,11.399999999999977,7099.643349945524,8738.0,0,0.47114542548521443,0,MEDIUM
L,302.2,311.3,1602,32.8,120,9.100000000000023,5502.562364615594,3935.9999999999995,0,0.11145843350744081,0,LOW
L,297.4,308.2,1471,46.5,25,10.800000000000011,7162.988329817407,1162.5,0,0.033433534245719355,0,LOW
L,300.6,309.6,1409,42.4,57,9.0,6256.125722456666,2416.7999999999997,0,0.14532522670169506,0,LOW
L,297.7,308.4,1289,51.3,82,10.699999999999989,6924.667111116086,4206.599999999999,0,0.4180816357907874,0,MEDIUM
L,298.2,309.1,1350,52.0,136,10.900000000000034,7351.326809400116,7072.0,0,0.48585046320955716,0,MEDIUM
L,298.8,309.9,1320,47.4,210,11.099999999999966,6552.105638326872,9954.0,0,0.5883219179023371,1,MEDIUM
M,301.8,310.9,1346,44.6,142,9.099999999999966,6286.494451441367,6333.2,0,0.47563138402724114,0,MEDIUM
M,300.7,311.7,1701,30.8,44,11.0,5486.351746523072,1355.2,0,0.003218179555017037,0,LOW
M,303.6,312.0,1645,35.7,81,8.399999999999977,6149.8246990347,2891.7000000000003,0,0.07291193797650725,0,LOW
L,297.8,307.3,1412,50.7,24,9.5,7496.719717408252,1216.8000000000002,0,0.2173816572651975,0,LOW
M,299.8,309.1,1268,58.0,90,9.300000000000011,7701.509670520258,5220.0,0,0.8955872904702256,1,HIGH
M,299.5,310.7,1424,41.3,101,11.199999999999989,6158.694462293334,4171.299999999999,0,0.035498913062812575,0,LOW
M,297.4,308.8,1325,62.4,204,11.400000000000034,8658.22935329347,12729.6,1,0.8500444900777612,1,HIGH
M,296.2,306.8,1526,42.3,129,10.600000000000023,6759.639249023014,5456.7,0,0.0554023799721912,0,LOW
M,298.2,309.2,1332,60.2,147,11.0,8397.100171927086,8849.4,0,0.7575041796070082,1,HIGH
L,303.0,311.3,1466,43.0,210,8.300000000000011,6601.3239232331125,9030.0,0,0.800446226623434,1,HIGH
M,303.5,312.6,1642,29.4,18,9.100000000000023,5055.325234450551,529.1999999999999,0,0.006784306992348616,0,LOW
L,301.3,311.0,1542,35.1,204,9.699999999999989,5667.87297004749,7160.400000000001,0,0.3535448821953292,0,MEDIUM
M,301.8,310.3,1409,52.5,26,8.5,7746.382085589032,1365.0,0,0.41915144078299627,0,MEDIUM
L,298.3,309.4,1378,52.3,12,11.099999999999966,7547.0899196208065,627.5999999999999,0,0.12327737053307378,0,LOW
L,303.6,312.4,1781,28.7,124,8.799999999999955,5352.718867014873,3558.7999999999997,0,0.1618170404870513,0,LOW
L,300.6,311.6,1964,21.4,15,11.0,4401.329419777252,321.0,0,0.004257973507517317,0,LOW
L,300.9,310.3,1446,44.5,135,9.400000000000034,6738.402082684747,6007.5,0,0.36706084377992165,0,MEDIUM
M,298.7,309.5,1394,46.0,113,10.800000000000011,6715.049577293063,5198.0,0,0.11993886619149291,0,LOW
H,299.1,308.3,1424,43.4,16,9.199999999999989,6471.848418003165,694.4,0,0.04896876122779414,0,LOW
M,298.6,310.0,1541,36.9,12,11.399999999999977,5954.6689633937,442.79999999999995,0,0.0021431824044470275,0,LOW
L,296.6,307.6,1498,41.1,80,11.0,6447.364939256189,3288.0,0,0.027152920570721686,0,LOW
M,297.0,307.7,1498,47.1,199,10.699999999999989,7388.58609827169,9372.9,0,0.24190817237474418,0,LOW
L,298.3,309.3,1558,37.2,73,11.0,6069.3056793231935,2715.6000000000004,0,0.014381699201856439,0,LOW
L,296.6,307.5,1557,35.1,60,10.899999999999977,5723.00792111799,2106.0,0,0.008362099979742854,0,LOW
L,298.2,309.1,1569,35.2,199,10.900000000000034,5783.546411552666,7004.8,0,0.14343466898159934,0,LOW
M,300.6,310.9,1702,30.3,91,10.299999999999955,5400.460603373926,2757.3,0,0.014822550166056426,0,LOW
H,299.1,308.8,1566,46.6,192,9.699999999999989,7641.986961710244,8947.2,0,0.3183655063783983,0,MEDIUM
H,301.2,310.7,1656,26.2,64,9.5,4543.496959327702,1676.8,0,0.01076992407618502,0,LOW
L,304.1,313.0,1408,45.3,28,8.899999999999977,6679.277308944186,1268.3999999999999,0,0.19755783772543273,0,LOW
M,298.1,307.7,1419,47.4,142,9.599999999999966,7043.513561201386,6730.8,0,0.3409846410675224,0,MEDIUM
M,301.8,310.2,1609,34.2,217,8.399999999999977,5762.497740773614,7421.400000000001,0,0.5305399562327663,1,MEDIUM
M,301.0,310.1,1681,27.4,212,9.100000000000023,4823.329088958457,5808.799999999999,0,0.3643759184502256,0,MEDIUM
L,300.4,311.7,1515,47.4,170,11.300000000000011,7520.030334897888,8058.0,0,0.19308928319441337,0,LOW
L,301.9,310.9,1799,24.2,54,9.0,4559.058314938483,1306.8,0,0.025944707509435377,0,LOW
M,300.4,311.8,1442,45.1,0,11.400000000000034,6810.365498402977,0.0,0,0.010786318539262275,0,LOW
L,298.3,308.8,1454,49.0,166,10.5,7460.8636732552795,8134.0,0,0.37249344259152123,0,MEDIUM
L,297.6,307.1,1496,39.2,12,9.5,6141.101543433232,470.40000000000003,0,0.018399086421319547,0,LOW
L,299.4,310.4,1509,40.6,175,11.0,6415.697685308003,7105.0,0,0.14695666469466503,0,LOW
L,301.8,311.0,1529,41.6,12,9.199999999999989,6660.846632043127,499.20000000000005,0,0.039241634564139156,0,LOW
M,300.0,309.3,1932,21.8,135,9.300000000000011,4410.544758227782,2943.0,0,0.1611677965829842,0,LOW
H,298.8,309.6,1516,40.2,152,10.800000000000011,6381.95698020845,6110.400000000001,0,0.07522710866273584,0,LOW
L,297.4,308.8,1353,49.4,188,11.400000000000034,6999.279936638843,9287.199999999999,0,0.4530625139539223,0,MEDIUM
M,302.3,311.0,1546,35.5,70,8.699999999999989,5747.334320232287,2485.0,0,0.04794089485716469,0,LOW
M,297.3,308.4,1434,44.8,21,11.099999999999966,6727.532172103326,940.8,0,0.014930935834183198,0,LOW
M,302.5,310.4,1581,32.7,181,7.899999999999977,5413.875204004755,5918.700000000001,0,0.42428381063829684,0,MEDIUM
M,301.0,310.7,1497,37.6,116,9.699999999999989,5894.381800371314,4361.6,0,0.07268393329873565,0,LOW
L,297.3,308.7,1531,36.7,116,11.399999999999977,5883.962184736907,4257.200000000001,0,0.02331936205625862,0,LOW
M,302.5,312.0,1447,45.7,210,9.5,6924.89749457735,9597.0,0,0.6008227682487552,1,MEDIUM
M,300.6,310.7,1654,32.0,180,10.099999999999966,5542.607198973352,5760.0,0,0.1164929670754737,0,LOW
L,300.5,309.7,1887,24.3,28,9.199999999999989,4801.830123232391,680.4,0,0.014674641228935872,0,LOW
L,298.8,308.4,1737,27.7,130,9.599999999999966,5038.580545606917,3601.0,0,0.07671256362290556,0,LOW
M,297.2,308.0,1765,31.1,191,10.800000000000011,5748.224438150804,5940.1,0,0.08074283271448167,0,LOW
L,298.0,307.5,1618,35.2,31,9.5,5964.167045183055,1091.2,0,0.0130681148560314,0,LOW
M,297.2,308.4,1378,41.9,97,11.199999999999989,6046.330165049939,4064.2999999999997,0,0.036698997733040944,0,LOW
M,297.6,308.4,1398,41.9,215,10.799999999999955,6134.085319840214,9008.5,0,0.2799132410240391,0,LOW
M,301.8,310.7,1309,43.3,68,8.899999999999977,5935.4843042557795,2944.3999999999996,0,0.21787858092043247,0,LOW
M,303.5,311.6,1573,34.0,134,8.100000000000023,5600.621943309644,4556.0,0,0.21289533152011653,0,LOW
H,299.3,309.0,1508,35.0,70,9.699999999999989,5527.1086752156425,2450.0,0,0.020237671701404312,0,LOW
L,301.1,312.3,1595,31.9,134,11.199999999999989,5328.193500365849,4274.599999999999,0,0.03214660133043303,0,LOW
M,299.3,309.0,1420,41.6,155,9.699999999999989,6186.0053744285415,6448.0,0,0.22704323390696657,0,LOW
L,302.0,311.2,1420,45.8,192,9.199999999999989,6810.553993962192,8793.599999999999,0,0.7070805302117097,1,HIGH
L,297.6,309.5,1617,36.2,42,11.899999999999977,6129.812753831332,1520.4,0,0.0032339829726586045,0,LOW
M,303.9,313.0,1475,41.0,11,9.100000000000023,6332.927190861425,451.0,0,0.033963703831017863,0,LOW
L,300.1,309.2,1421,42.5,61,9.099999999999966,6324.287811064052,2592.5,0,0.13762611656200804,0,LOW
H,299.4,309.3,1534,37.5,39,9.900000000000034,6024.003913258428,1462.5,0,0.01292961579202976,0,LOW
L,300.9,310.7,1427,44.1,141,9.800000000000011,6590.087493508773,6218.1,0,0.33258911515275064,0,MEDIUM
L,302.2,310.6,1462,43.6,0,8.400000000000034,6675.172294543497,0.0,0,0.0989039018189858,0,LOW
L,299.3,310.6,1443,45.7,97,11.300000000000011,6905.754723341476,4432.900000000001,0,0.08024520226645611,0,LOW
M,299.1,308.9,1397,52.4,112,9.799999999999955,7665.77929007343,5868.8,0,0.43707570719933087,0,MEDIUM
M,299.6,309.2,1651,30.8,92,9.599999999999966,5325.083323638795,2833.6,0,0.02256045100427047,0,LOW
L,300.1,309.6,1760,25.4,55,9.5,4681.39193286927,1397.0,0,0.015135112905067602,0,LOW
M,302.4,311.2,1330,58.6,201,8.800000000000011,8161.648274516043,11778.6,0,0.9635632418533149,1,HIGH
M,300.2,311.4,1570,35.3,138,11.199999999999989,5803.673548486663,4871.4,0,0.027898080873064012,0,LOW
L,299.1,310.3,1459,46.7,84,11.199999999999989,7135.111931004554,3922.8,0,0.07430579704733095,0,LOW
L,299.4,310.7,1426,45.7,213,11.300000000000011,6824.397945589012,9734.1,0,0.37794751597026466,0,MEDIUM
M,299.9,310.4,1820,26.6,175,10.5,5069.6927848529685,4655.0,0,0.10306726950028984,0,LOW
M,300.4,312.0,1596,30.4,191,11.600000000000023,5080.8349667977,5806.4,0,0.04921606716998627,0,LOW
L,296.7,308.1,1450,40.9,195,11.400000000000034,6210.4050773714225,7975.5,0,0.1613894533754689,0,LOW
H,300.6,312.1,1354,46.9,138,11.5,6649.976721461706,6472.2,0,0.17439506166255947,0,LOW
H,299.9,309.6,1462,51.0,119,9.700000000000045,7808.1143812320715,6069.0,0,0.3351615365564789,0,MEDIUM
M,297.9,309.1,1338,49.6,56,11.200000000000045,6949.705604565197,2777.6,0,0.1021218455316926,0,LOW
L,297.7,308.1,1734,30.7,177,10.400000000000034,5574.630500088943,5433.9,0,0.11649934157761173,0,LOW
L,297.8,309.9,1351,49.0,181,12.099999999999966,6932.343069166357,8869.0,0,0.3087164794599995,0,MEDIUM
L,298.3,309.6,1420,44.1,197,11.300000000000011,6557.760505103334,8687.7,0,0.27366294752624676,0,LOW
M,296.3,307.3,1368,49.5,10,11.0,7091.2029376828805,495.0,0,0.046797969086005156,0,LOW
L,300.1,309.5,1450,40.1,100,9.399999999999977,6088.930161432617,4010.0,0,0.13813803087403453,0,LOW
M,298.0,307.5,1427,45.1,95,9.5,6739.522584064528,4284.5,0,0.15276626407802837,0,LOW
L,299.9,309.2,1560,38.9,180,9.300000000000011,6354.813619681433,7002.0,0,0.3349648007707693,0,MEDIUM
L,298.3,309.1,1904,20.3,140,10.800000000000011,4047.544199080994,2842.0,0,0.0901841413739792,0,LOW
L,300.0,310.5,1412,52.4,142,10.5,7748.089017597483,7440.8,0,0.5004392011483589,1,MEDIUM
M,302.4,310.3,1378,54.3,165,7.900000000000034,7835.697564730589,8959.5,1,0.9190480543254522,1,HIGH
L,297.8,307.8,1396,42.5,23,10.0,6213.023071249414,977.5,0,0.03936598739028691,0,LOW
L,301.5,309.8,1549,38.5,81,8.300000000000011,6245.11967619359,3118.5,0,0.1457605216857355,0,LOW
L,300.5,310.5,2633,12.2,17,10.0,3363.8708058067828,207.39999999999998,1,0.7945731872558965,1,HIGH
L,302.3,312.0,1398,43.3,171,9.699999999999989,6339.042824560412,7404.299999999999,0,0.4979621408384645,0,MEDIUM
M,299.7,310.2,1440,42.8,30,10.5,6454.08794753487,1284.0,0,0.020943105473015606,0,LOW
L,297.3,308.2,1396,52.7,212,10.899999999999977,7704.148608349273,11172.400000000001,1,0.6449833752805872,1,MEDIUM
L,300.5,309.6,1390,48.4,194,9.100000000000023,7045.1262454302305,9389.6,0,0.7973134507602104,1,HIGH
L,297.3,308.2,1896,24.4,47,10.899999999999977,4844.587199247748,1146.8,0,0.00598017279172553,0,LOW
L,302.8,310.6,1470,41.1,205,7.800000000000011,6326.853445064484,8425.5,0,0.8118040165959138,1,HIGH
M,301.2,310.7,1527,41.1,53,9.5,6572.180415383312,2178.3,0,0.038786195987439,0,LOW
M,298.9,309.8,1836,22.8,18,10.900000000000034,4383.652725113054,410.40000000000003,0,0.0016083724594023409,0,LOW
M,302.6,310.5,1542,39.9,184,7.899999999999977,6442.966709541162,7341.599999999999,0,0.5629630003594553,1,MEDIUM
M,300.2,311.8,1748,28.5,184,11.600000000000023,5216.92876055121,5244.0,0,0.05062177336573214,0,LOW
M,298.3,308.3,1379,48.0,181,10.0,6931.610030880519,8688.0,0,0.4942636835080437,0,MEDIUM
L,301.1,310.8,1521,41.0,99,9.699999999999989,6530.4286490171025,4059.0,0,0.10955046296170612,0,LOW
L,296.6,307.6,1671,28.8,108,11.0,5039.617271182603,3110.4,0,0.01395803115613444,0,LOW
L,303.0,311.0,1359,44.2,115,8.0,6290.285306576699,5083.0,1,0.6500392937334616,1,MEDIUM
H,296.4,307.5,1403,52.8,94,11.100000000000023,7757.471907656203,4963.2,0,0.17952490664933807,0,LOW
L,300.0,310.5,1606,33.5,135,10.5,5634.027545192815,4522.5,0,0.054769278939807944,0,LOW
L,298.8,310.6,1803,25.4,209,11.800000000000011,4795.766849410962,5308.599999999999,0,0.1319373260289811,0,LOW
M,298.4,307.8,1617,31.6,173,9.400000000000034,5350.886271300279,5466.8,0,0.13421181879742414,0,LOW
M,300.3,311.3,1506,40.7,98,11.0,6418.71361425545,3988.6000000000004,0,0.029055139561658155,0,LOW
M,298.3,309.3,1376,57.0,198,11.0,8213.379833545156,11286.0,0,0.670482092496347,1,MEDIUM
H,298.9,309.2,1379,50.7,106,10.300000000000011,7321.513095117549,5374.200000000001,0,0.311029558424902,0,MEDIUM
M,302.4,310.1,1379,48.9,107,7.7000000000000455,7061.577718959528,5232.3,1,0.7201669051485606,1,HIGH
L,301.1,309.6,1501,36.1,156,8.5,5674.355122889396,5631.6,0,0.34823145091802216,0,MEDIUM
L,301.7,310.7,1532,39.8,92,9.0,6385.140460764086,3661.6,0,0.13518185416717038,0,LOW
M,299.6,310.6,1633,34.2,151,11.0,5848.451715775831,5164.200000000001,0,0.03604015674843841,0,LOW
L,300.3,311.7,1989,22.3,121,11.399999999999977,4644.813322405974,2698.3,0,0.054579764892056876,0,LOW
M,297.7,309.0,1636,29.7,32,11.300000000000011,5088.249125460172,950.4,0,0.001364813515307259,0,LOW
L,303.9,312.7,1789,24.4,163,8.800000000000011,4571.18486258134,3977.2,0,0.35801576526478746,0,MEDIUM
L,302.4,310.2,1400,53.7,175,7.800000000000011,7872.831189896021,9397.5,0,0.9414244495817904,1,HIGH
L,297.0,307.9,1595,31.7,170,10.899999999999977,5294.7878984826775,5389.0,0,0.06440736322215126,0,LOW
M,300.4,309.7,1685,32.3,167,9.300000000000011,5699.425032265041,5394.099999999999,0,0.14960919215247245,0,LOW
M,302.0,310.4,1567,36.4,114,8.399999999999977,5973.089168319249,4149.599999999999,0,0.13841153131648068,0,LOW
L,302.3,311.7,1510,38.7,141,9.399999999999977,6119.508329927558,5456.700000000001,0,0.22443980747652825,0,LOW
M,299.9,309.6,1489,41.7,56,9.700000000000045,6502.18573106133,2335.2000000000003,0,0.040243805756273274,0,LOW
L,299.1,309.9,1586,36.6,215,10.799999999999955,6078.730457283963,7869.0,0,0.21623531998855683,0,LOW
M,300.2,310.2,1429,43.8,54,10.0,6554.430416890528,2365.2,0,0.0561091803301314,0,LOW
M,298.5,309.0,1741,28.0,21,10.5,5104.878622573175,588.0,0,0.0020630063394357937,0,LOW
M,302.0,310.6,1392,60.5,10,8.600000000000023,8819.078897157267,605.0,0,0.7731942760217294,1,HIGH
M,303.4,312.8,1622,35.1,107,9.400000000000034,5961.926042423494,3755.7000000000003,0,0.05982848588397117,0,LOW
M,301.4,310.5,1563,39.9,83,9.100000000000023,6530.711392355925,3311.7,0,0.06809126919290237,0,LOW
L,301.4,310.4,1436,49.7,108,9.0,7473.765147086022,5367.6,0,0.5350622401929015,1,MEDIUM
L,298.1,307.8,1413,54.1,113,9.699999999999989,8005.123656538688,6113.3,0,0.5808722215759013,1,MEDIUM
H,301.5,310.8,1474,38.7,58,9.300000000000011,5973.612767094848,2244.6000000000004,0,0.04308764949533811,0,LOW
L,299.2,310.5,1705,29.5,95,11.300000000000011,5267.1418831310875,2802.5,0,0.010831563221246164,0,LOW
L,300.2,309.8,1557,33.8,19,9.600000000000023,5511.044664780286,642.1999999999999,0,0.009581818496077634,0,LOW
M,296.2,307.3,1451,42.8,11,11.100000000000023,6503.390008245206,470.79999999999995,0,0.007552726405293963,0,LOW
M,301.5,310.6,1638,31.9,137,9.100000000000023,5471.837588463486,4370.3,0,0.09802825669152009,0,LOW
L,301.7,311.3,1584,38.8,132,9.600000000000023,6435.992373850193,5121.599999999999,0,0.14719788786115065,0,LOW
M,302.2,310.6,1355,51.5,126,8.400000000000034,7307.606311637657,6489.0,1,0.7876810639723498,1,HIGH
M,297.1,307.8,1443,43.9,137,10.699999999999989,6633.75563139367,6014.3,0,0.1011295795104125,0,LOW
M,300.4,311.5,1750,27.3,116,11.100000000000023,5002.986300841745,3166.8,0,0.014897427890313628,0,LOW
L,298.2,308.2,1478,50.1,166,10.0,7754.267483149542,8316.6,0,0.446393702004993,0,MEDIUM
L,302.4,311.0,2211,15.4,203,8.600000000000023,3565.6448299713434,3126.2000000000003,0,0.981134111417738,1,HIGH
M,300.7,310.8,1486,41.2,71,10.100000000000023,6411.2785116419545,2925.2000000000003,0,0.03923355990962647,0,LOW
H,301.4,310.5,1536,39.9,201,9.100000000000023,6417.896800165516,8019.9,0,0.42626402161929705,0,MEDIUM
L,297.4,308.4,1343,40.0,61,11.0,5625.545245028123,2440.0,0,0.026944396055224484,0,LOW
L,296.6,307.5,1439,45.5,199,10.899999999999977,6856.4736065821635,9054.5,0,0.3292512319364617,0,MEDIUM
L,302.2,311.8,1618,36.0,158,9.600000000000023,6099.716296209942,5688.0,0,0.19091373983901871,0,LOW
L,297.9,307.5,1602,38.3,21,9.600000000000023,6425.248126974916,804.3,0,0.014354971581571587,0,LOW
L,304.4,313.6,1569,38.4,11,9.200000000000045,6309.323358057453,422.4,0,0.026136347625822624,0,LOW
H,299.7,309.2,1691,27.7,203,9.5,4905.146633633447,5623.099999999999,0,0.2552425546970862,0,LOW
L,299.3,309.1,1531,37.9,127,9.800000000000011,6076.353318842746,4813.3,0,0.10706664388898736,0,LOW
L,299.5,309.3,1523,41.5,181,9.800000000000011,6618.759762460536,7511.5,0,0.31861583692618606,0,MEDIUM
M,299.8,309.6,1346,53.2,95,9.800000000000011,7498.688448804501,5054.0,0,0.5330497682404783,1,MEDIUM
L,296.3,307.1,1419,48.6,142,10.800000000000011,7221.830360219145,6901.2,0,0.26084026625445816,0,LOW
L,299.4,309.2,1552,37.4,37,9.800000000000011,6078.4372419696265,1383.8,0,0.01843784596596214,0,LOW
M,299.0,310.3,1635,34.5,168,11.300000000000011,5906.979586912208,5796.0,0,0.040306078046275014,0,LOW
M,302.3,311.0,1578,33.5,158,8.699999999999989,5535.800414890574,5293.0,0,0.2075435245735909,0,LOW
L,300.0,309.9,1507,41.4,74,9.899999999999977,6533.444577964548,3063.6,0,0.06509860105528661,0,LOW
L,299.2,308.5,1515,39.8,141,9.300000000000011,6314.287074450124,5611.799999999999,0,0.21780485614918088,0,LOW
L,300.5,311.9,1432,43.1,16,11.399999999999977,6463.219510181306,689.6,0,0.015398927841277582,0,LOW
M,304.3,313.4,1482,43.8,41,9.099999999999966,6797.5268564253065,1795.8,0,0.08646508236925127,0,LOW
M,297.6,308.3,1467,36.7,68,10.699999999999989,5637.99642391185,2495.6000000000004,0,0.010871964890268806,0,LOW
L,300.4,311.4,1309,55.5,71,11.0,7607.8378495657225,3940.5,0,0.5617218287941677,1,MEDIUM
L,301.2,309.9,1984,19.7,169,8.699999999999989,4092.9506849008776,3329.2999999999997,0,0.6606715402576638,1,MEDIUM
L,303.8,312.8,1443,40.7,145,9.0,6150.201690153131,5901.5,0,0.40851577169280545,0,MEDIUM
L,303.6,312.3,2168,17.7,219,8.699999999999989,4018.473995059776,3876.2999999999997,0,0.9746450012486966,1,HIGH
H,300.1,311.4,1518,46.9,87,11.299999999999955,7455.439189940081,4080.2999999999997,0,0.040717988388875206,0,LOW
M,303.9,313.0,1620,36.6,80,9.100000000000023,6209.043720554867,2928.0,0,0.050194917303106726,0,LOW
L,299.0,308.6,1429,37.7,126,9.600000000000023,5641.598783487967,4750.200000000001,0,0.13628988862943336,0,LOW
L,302.6,311.8,1627,31.8,23,9.199999999999989,5418.053522234029,731.4,0,0.012868490893312096,0,LOW
M,300.0,309.5,1425,40.8,178,9.5,6088.406562657018,7262.4,0,0.32311183555768264,0,MEDIUM
L,297.4,309.1,1478,49.8,150,11.700000000000045,7707.834743729484,7470.0,0,0.1497891788339278,0,LOW
L,300.0,310.4,1505,44.9,133,10.399999999999977,7076.3850923334485,5971.7,0,0.17018623554918055,0,LOW
M,300.8,310.4,1288,64.0,3,9.599999999999966,8632.258854023794,192.0,0,0.9197231933361967,1,HIGH
M,300.6,310.2,1478,40.1,5,9.599999999999966,6206.509502480972,200.5,0,0.014736801240463766,0,LOW
L,301.1,310.2,1496,43.4,54,9.099999999999966,6799.076708801078,2343.6,0,0.11437034568269923,0,LOW
H,300.0,310.1,1714,28.7,55,10.100000000000023,5151.353249895279,1578.5,0,0.00707481233679388,0,LOW
H,297.9,307.7,1618,35.9,92,9.800000000000011,6082.772639831581,3302.7999999999997,0,0.026603416726180967,0,LOW
M,298.5,309.7,1523,44.6,83,11.199999999999989,7113.173142306986,3701.8,0,0.02607860201492572,0,LOW
M,296.7,307.9,1874,21.3,130,11.199999999999989,4180.014689307363,2769.0,0,0.026369991364137188,0,LOW
L,303.8,312.6,1577,41.3,134,8.800000000000011,6820.408122918952,5534.2,0,0.31024498668493533,0,MEDIUM
M,300.2,309.8,1487,39.2,122,9.600000000000023,6104.156413827016,4782.400000000001,0,0.09965263449376373,0,LOW
L,298.9,310.4,1739,26.3,30,11.5,4789.431304226224,789.0,0,0.0017846915219041914,0,LOW
L,296.2,307.1,1444,46.7,194,10.900000000000034,7061.755742543232,9059.800000000001,0,0.3276937897390156,0,MEDIUM
L,297.3,308.7,1492,43.6,189,11.399999999999977,6812.145734240012,8240.4,0,0.16572967586006135,0,LOW
M,298.6,309.4,1774,27.5,154,10.799999999999955,5108.753253512602,4235.0,0,0.042350985411799984,0,LOW
L,302.6,312.1,1499,35.0,215,9.5,5494.12195235295,7525.0,0,0.4705251194866755,0,MEDIUM
L,295.6,306.2,1612,31.2,131,10.599999999999966,5266.8172518902165,4087.2,0,0.03082647978958054,0,LOW
L,299.6,311.0,1554,36.3,62,11.399999999999977,5907.262330251031,2250.6,0,0.008628921975926195,0,LOW
L,300.0,309.3,1364,41.2,104,9.300000000000011,5884.9151345084965,4284.8,0,0.2228081713285661,0,LOW
L,298.9,310.1,1394,42.7,179,11.200000000000045,6233.317759791605,7643.3,0,0.22593521484035423,0,LOW
L,300.2,311.5,1500,40.8,17,11.300000000000011,6408.849013323177,693.5999999999999,0,0.008646766274601965,0,LOW
M,302.4,311.9,1313,55.7,102,9.5,7658.58504289671,5681.400000000001,0,0.7992859762746709,1,HIGH
L,297.5,308.5,1446,41.9,32,11.0,6344.697691336874,1340.8,0,0.01677932650791736,0,LOW
L,303.7,312.6,1396,44.1,136,8.900000000000034,6446.925116284686,5997.6,0,0.5472086871638489,1,MEDIUM
L,298.1,308.6,1354,53.9,207,10.5,7642.510560485841,11157.3,1,0.7979502306466802,1,HIGH
L,300.5,309.6,1760,30.6,213,9.100000000000023,5639.787131724396,6517.8,0,0.48447064763998304,0,MEDIUM
L,301.4,310.6,1550,36.8,159,9.200000000000045,5973.214832025392,5851.2,0,0.2590649638238918,0,LOW
L,302.4,311.0,1475,47.9,79,8.600000000000023,7398.712498591762,3784.1,0,0.39135773181034217,0,MEDIUM
L,299.5,310.0,1594,35.1,54,10.5,5859.007467091892,1895.4,0,0.011536182812454906,0,LOW
L,300.8,312.0,1477,37.3,164,11.199999999999989,5769.231221027808,6117.2,0,0.09495356986139447,0,LOW
M,303.7,312.4,1474,38.8,139,8.699999999999989,5989.048458999485,5393.2,0,0.26533335427891463,0,LOW
L,301.7,311.2,1521,36.7,130,9.5,5845.530034607992,4771.0,0,0.1429901662738594,0,LOW
L,300.6,310.7,1440,52.5,200,10.099999999999966,7916.813487046278,10500.0,0,0.7027345279388941,1,HIGH
L,303.4,311.6,1564,41.9,137,8.200000000000045,6862.453104599495,5740.3,0,0.43733373153448235,0,MEDIUM
L,297.2,308.6,1366,50.4,74,11.400000000000034,7209.578148870143,3729.6,0,0.15203989667447804,0,LOW
L,300.0,311.5,1601,36.9,35,11.5,6186.518501228627,1291.5,0,0.004830529817520105,0,LOW
M,302.3,311.5,1316,47.2,4,9.199999999999989,6504.68853320869,188.8,0,0.1645577992242439,0,LOW
M,298.0,307.9,1417,51.0,137,9.899999999999977,7567.782543232453,6987.0,0,0.39323038986867925,0,MEDIUM
M,302.0,310.5,1823,25.1,87,8.5,4791.693250936808,2183.7000000000003,0,0.05986442079059176,0,LOW
H,299.0,310.1,1432,50.0,45,11.100000000000023,7497.934466567639,2250.0,0,0.06308916158185753,0,LOW
M,298.3,307.7,1602,33.4,106,9.399999999999977,5603.218993236611,3540.3999999999996,0,0.03783823327567746,0,LOW
M,297.1,307.9,1609,38.9,166,10.799999999999955,6554.4199449150165,6457.4,0,0.05995276905758773,0,LOW
L,301.0,311.6,1440,43.3,131,10.600000000000023,6529.486171221025,5672.299999999999,0,0.16894365641099765,0,LOW
M,303.8,313.0,1789,23.5,215,9.199999999999989,4402.575584863176,5052.5,0,0.5184907674564857,1,MEDIUM
L,301.3,310.6,1436,44.2,76,9.300000000000011,6646.68852115095,3359.2000000000003,0,0.19469848597324307,0,LOW
L,302.4,310.6,1445,40.3,162,8.200000000000045,6098.197859760706,6528.599999999999,0,0.5895685625678522,1,MEDIUM
L,298.2,308.7,1408,40.0,9,10.5,5897.816608339238,360.0,0,0.013080264761013958,0,LOW
H,300.7,310.3,1369,50.7,12,9.600000000000023,7268.420179271881,608.4000000000001,0,0.20031803497950326,0,LOW
M,300.8,310.8,1415,44.5,87,10.0,6593.941180497176,3871.5,0,0.1139021931205717,0,LOW
L,299.1,310.1,1416,41.2,185,11.0,6109.266737876856,7622.000000000001,0,0.22470968313376358,0,LOW
M,302.3,311.0,1526,37.7,171,8.699999999999989,6024.548455985051,6446.700000000001,0,0.3290833509538253,0,MEDIUM
L,300.1,310.1,1569,43.5,17,10.0,7147.280366549458,739.5,0,0.02463957840592226,0,LOW
M,299.3,309.1,1376,46.7,49,9.800000000000011,6729.207688185241,2288.3,0,0.11761948918463459,0,LOW
L,299.8,310.4,1698,28.3,103,10.599999999999966,5032.1402806670585,2914.9,0,0.020864403405120406,0,LOW
L,298.4,308.1,1598,32.7,94,9.700000000000045,5472.088915875774,3073.8,0,0.03440424954570448,0,LOW
L,300.4,309.7,1679,30.1,136,9.300000000000011,5292.316512261854,4093.6000000000004,0,0.11197508348399886,0,LOW
L,298.8,309.8,1461,39.4,141,11.0,6028.025151855023,5555.4,0,0.08183818618306485,0,LOW
M,301.4,310.7,1368,63.7,92,9.300000000000011,9125.447012735343,5860.400000000001,1,0.9081582833593747,1,HIGH
L,298.0,308.2,1348,58.8,202,10.199999999999989,8300.33911819652,11877.599999999999,1,0.9053935286080332,1,HIGH
L,300.2,309.7,1771,27.1,104,9.5,5025.9303991884635,2818.4,0,0.05311580912198703,0,LOW
L,297.0,307.8,1683,32.3,197,10.800000000000011,5692.660136084312,6363.099999999999,0,0.12489071639522824,0,LOW
L,299.5,309.3,1382,61.0,140,9.800000000000011,8828.084796097557,8540.0,0,0.881798790296474,1,HIGH
L,302.7,312.2,1447,47.5,166,9.5,7197.650568762015,7885.0,0,0.588526530735,1,MEDIUM
M,298.6,310.1,1444,48.1,39,11.5,7273.4571994931375,1875.9,0,0.027566747915655422,0,LOW
M,300.6,310.0,1478,36.3,95,9.399999999999977,5618.361469826913,3448.4999999999995,0,0.051537733476137326,0,LOW
M,299.4,309.1,1461,48.6,70,9.700000000000045,7435.584324369394,3402.0,0,0.14246596588908436,0,LOW
L,299.3,309.3,1325,62.0,47,10.0,8602.72788308005,2914.0,0,0.8698792129557947,1,HIGH
M,300.2,310.2,1628,30.3,27,10.0,5165.657968444625,818.1,0,0.0038117804513782888,0,LOW
L,301.9,311.1,1448,46.3,14,9.200000000000045,7020.663710634277,648.1999999999999,0,0.11882341147005024,0,LOW
L,303.4,311.7,1295,51.3,51,8.300000000000011,6956.899851741917,2616.2999999999997,1,0.7863574511736302,1,HIGH
L,300.6,310.8,1533,38.5,117,10.199999999999989,6180.612307039879,4504.5,0,0.07898948270248292,0,LOW
L,300.9,310.4,1544,36.0,148,9.5,5820.742868571168,5328.0,0,0.1713193860564283,0,LOW
L,300.2,309.5,1417,41.1,129,9.300000000000011,6098.74240248733,5301.900000000001,0,0.2734462326319088,0,LOW
L,298.2,308.8,1354,60.9,32,10.600000000000023,8635.044399509976,1948.8,0,0.6658388764282783,1,MEDIUM
M,300.1,309.6,1622,36.1,43,9.5,6131.781485227582,1552.3,0,0.013711892873453297,0,LOW
L,298.2,309.7,1585,37.4,118,11.5,6207.682363738311,4413.2,0,0.023470305130662072,0,LOW
L,299.3,308.6,1437,48.1,67,9.300000000000011,7238.198057944347,3222.7000000000003,0,0.2567649031436938,0,LOW
M,298.0,307.7,1487,41.3,160,9.699999999999989,6431.164793139177,6608.0,0,0.18430939762665577,0,LOW
L,303.6,312.3,1616,29.3,226,8.699999999999989,4958.354741209747,6621.8,0,0.6345128390144357,1,MEDIUM
L,297.6,308.4,1353,57.5,88,10.799999999999955,8146.935148921731,5060.0,0,0.5921037457192508,1,MEDIUM
M,299.3,309.1,1600,35.3,52,9.800000000000011,5914.571769158383,1835.6,0,0.01191982756423504,0,LOW
M,303.4,312.8,1526,30.8,37,9.400000000000034,4921.912266428105,1139.6000000000001,0,0.008638909532383426,0,LOW
M,301.7,309.9,1457,39.2,192,8.199999999999989,5981.0059818062955,7526.400000000001,0,0.5730700282081085,1,MEDIUM
L,302.8,312.3,1504,40.3,204,9.5,6347.190021508722,8221.199999999999,0,0.5150822217750742,1,MEDIUM
L,300.4,309.8,1549,38.9,150,9.400000000000034,6310.004036465731,5835.0,0,0.2195556266003457,0,LOW
L,300.7,312.4,1470,38.6,56,11.699999999999989,5942.008344999735,2161.6,0,0.010606097877045627,0,LOW
M,302.0,310.4,1608,33.1,97,8.399999999999977,5573.688022292868,3210.7000000000003,0,0.0762781973285812,0,LOW
L,298.5,310.1,1809,28.9,20,11.600000000000023,5474.759269631324,578.0,0,0.0016785876253394452,0,LOW
H,299.4,310.8,1585,31.4,149,11.400000000000034,5211.797492550347,4678.599999999999,0,0.02319524724093748,0,LOW
L,298.5,310.2,1676,32.7,18,11.699999999999989,5739.187123283978,588.6,0,0.0016577502729653876,0,LOW
L,298.4,309.2,1692,29.8,137,10.800000000000011,5280.137604741437,4082.6,0,0.03757851510199814,0,LOW
L,301.5,310.5,1927,22.4,149,9.0,4520.20728578909,3337.6,0,0.3542985697366268,0,MEDIUM
H,302.9,312.3,1417,48.7,26,9.400000000000034,7226.49038932197,1266.2,0,0.16304142081480186,0,LOW
L,299.2,310.4,1472,43.3,32,11.199999999999989,6674.585863914826,1385.6,0,0.018714232499206025,0,LOW
L,301.8,311.2,1822,26.2,204,9.399999999999977,4998.944118294126,5344.8,0,0.47942735881529125,0,MEDIUM
L,298.1,308.2,1654,32.1,25,10.099999999999966,5559.927846470144,802.5,0,0.005514131037775881,0,LOW
L,300.9,311.2,1353,60.4,139,10.300000000000011,8557.82405208474,8395.6,0,0.877705541549795,1,HIGH
M,300.6,309.4,1432,44.2,84,8.799999999999955,6628.174068445794,3712.8,0,0.19999575951993148,0,LOW
L,298.2,309.0,1601,35.8,43,10.800000000000011,6002.096540487395,1539.3999999999999,0,0.007321880189026298,0,LOW
L,301.6,310.6,1431,37.5,137,9.0,5619.523859108742,5137.5,0,0.2572689757639514,0,LOW
L,300.3,310.2,1492,52.3,2,9.899999999999977,8171.450043595242,104.6,0,0.1190149676290782,0,LOW
H,302.7,310.8,1275,55.0,25,8.100000000000023,7343.472827766141,1375.0,1,0.8528823848024292,1,HIGH
M,302.9,311.1,1926,21.8,58,8.200000000000045,4396.847414258131,1264.4,0,0.05916249765307871,0,LOW
L,297.4,308.8,1473,46.2,167,11.400000000000034,7126.451607256159,7715.400000000001,0,0.16431109595326085,0,LOW
H,297.4,308.3,1502,43.6,169,10.900000000000034,6857.803547472184,7368.400000000001,0,0.11839895652603964,0,LOW
L,301.0,310.5,1317,50.9,75,9.5,7019.920200372929,3817.5,0,0.5886129393710967,1,MEDIUM
L,303.1,311.2,1452,52.9,11,8.099999999999966,8043.608166545163,581.9,0,0.5029374270167429,1,MEDIUM
L,298.3,309.3,1337,56.1,206,11.0,7854.578536578664,11556.6,1,0.814333888661972,1,HIGH
L,298.8,309.6,1903,22.3,145,10.800000000000011,4443.98177603749,3233.5,0,0.09358909378945081,0,LOW
M,302.2,311.1,1728,34.0,179,8.900000000000034,6152.49505279025,6086.0,0,0.2568383411012142,0,LOW
L,303.7,312.7,1572,37.2,192,9.0,6123.843727789512,7142.400000000001,0,0.4733107106108354,0,MEDIUM
L,297.3,308.6,1297,45.9,184,11.300000000000011,6234.207877710121,8445.6,0,0.4016278741986104,0,MEDIUM
L,302.1,311.5,1444,44.9,97,9.399999999999977,6789.568155036212,4355.3,0,0.2647894068887614,0,LOW
H,297.5,309.5,1668,27.9,240,12.0,4873.36418795463,6696.0,0,0.10336919933105301,0,LOW
H,297.6,309.0,1354,55.6,46,11.399999999999977,7883.554492820275,2557.6,0,0.2178541200284811,0,LOW
H,298.5,309.4,1417,41.2,155,10.899999999999977,6113.581191787785,6386.0,0,0.106802263394694,0,LOW
L,302.8,311.1,1550,32.3,76,8.300000000000011,5242.794540065765,2454.7999999999997,0,0.07655716011016243,0,LOW
L,301.1,310.1,1564,36.8,7,9.0,6027.166449863042,257.59999999999997,0,0.018213367170600788,0,LOW
L,300.6,312.3,1532,37.2,54,11.699999999999989,5968.020732171458,2008.8000000000002,0,0.007354480783029857,0,LOW
L,296.3,307.4,1472,39.9,51,11.099999999999966,6150.484433491953,2034.8999999999999,0,0.01342336566212697,0,LOW
L,298.9,309.7,1407,41.9,207,10.800000000000011,6173.575139495838,8673.3,0,0.3533391159781006,0,MEDIUM
H,301.7,310.1,1462,38.3,49,8.400000000000034,5863.740800023301,1876.6999999999998,0,0.06565842492956962,0,LOW
L,297.7,309.2,1391,44.5,159,11.5,6482.100482029379,7075.5,0,0.1674877194116069,0,LOW
L,300.8,310.6,1402,53.7,93,9.800000000000011,7884.078091595874,4994.1,0,0.5553622731271128,1,MEDIUM
L,298.4,308.2,1604,34.9,11,9.800000000000011,5862.170003696506,383.9,0,0.007029322452204876,0,LOW
L,303.3,311.3,1409,51.8,16,8.0,7643.096991114511,828.8,0,0.5718947953945251,1,MEDIUM
M,296.0,306.6,1392,51.3,124,10.600000000000023,7477.995825192855,6361.2,0,0.26685183042024346,0,LOW
L,299.7,309.1,1475,40.0,123,9.400000000000034,6178.465552059926,4920.0,0,0.17993632338162213,0,LOW
M,302.4,310.2,1485,45.9,50,7.800000000000011,7137.855588588689,2295.0,0,0.2500641504839789,0,LOW
L,297.4,309.4,1296,52.3,96,12.0,7097.988777814635,5020.799999999999,0,0.2823750786610294,0,LOW
M,299.8,310.8,1463,43.5,156,11.0,6664.417575692707,6786.0,0,0.11567823760606852,0,LOW
L,300.8,310.5,1434,44.5,89,9.699999999999989,6682.481733450849,3960.5,0,0.18747208078169114,0,LOW
H,302.3,310.2,1443,54.6,120,7.899999999999977,8250.63912241673,6552.0,0,0.8039809591587193,1,HIGH
L,300.3,311.5,1663,33.6,38,11.199999999999989,5851.404812870205,1276.8,0,0.004442998366827235,0,LOW
L,300.2,309.1,1479,47.0,22,8.900000000000034,7279.38433763291,1034.0,0,0.1384013732915188,0,LOW
L,300.3,311.6,1560,37.7,107,11.300000000000011,6158.778238097431,4033.9,0,0.02687986153642479,0,LOW
L,299.4,310.8,1622,33.6,217,11.400000000000034,5707.142878217362,7291.200000000001,0,0.14582058427548936,0,LOW
L,301.8,311.2,1417,55.9,156,9.399999999999977,8294.883218954787,8720.4,0,0.8193140287886144,1,HIGH
L,303.5,311.9,1565,38.9,12,8.399999999999977,6375.181612052207,466.79999999999995,0,0.04692434400262898,0,LOW
H,298.8,310.1,1567,36.8,197,11.300000000000011,6038.727510828252,7249.599999999999,0,0.08610563327421802,0,LOW
L,300.3,309.6,1593,38.1,140,9.300000000000011,6355.787513404046,5334.0,0,0.174740044922409,0,LOW
L,300.9,310.4,1445,41.7,180,9.5,6310.04592436778,7506.000000000001,0,0.4552231884399369,0,MEDIUM
L,302.9,312.4,2030,19.1,192,9.5,4060.299065254568,3667.2000000000003,0,0.7660892334058803,1,HIGH
L,298.6,309.4,1375,55.4,145,10.799999999999955,7977.027346240083,8033.0,0,0.6206127231290454,1,MEDIUM
L,298.2,307.8,1575,35.0,137,9.600000000000023,5772.676500971244,4795.0,0,0.10292277714816676,0,LOW
L,299.1,308.5,1647,35.0,74,9.399999999999977,6036.5702838727875,2590.0,0,0.03461335832355663,0,LOW
M,302.7,310.5,1398,47.3,70,7.800000000000011,6924.63569518955,3311.0,0,0.48698166305618656,0,MEDIUM
L,302.8,310.6,1670,29.1,2,7.800000000000011,5089.065939550105,58.2,0,0.01729808884604707,0,LOW
L,300.6,310.5,1470,37.7,98,9.899999999999977,5803.464108976425,3694.6000000000004,0,0.07055445798291592,0,LOW
L,303.4,311.6,1449,41.7,132,8.200000000000045,6327.5131795217385,5504.400000000001,0,0.5121835560438447,1,MEDIUM
M,295.4,305.9,1518,40.6,178,10.5,6453.962283828728,7226.8,0,0.1120275165192853,0,LOW
M,300.6,310.4,1407,51.1,157,9.799999999999955,7529.109537666762,8022.7,0,0.5420846928602753,1,MEDIUM
M,300.9,309.9,1465,42.9,209,9.0,6581.479529637937,8966.1,0,0.5745231958984737,1,MEDIUM
M,302.4,311.3,1312,61.5,85,8.900000000000034,8449.627601095108,5227.5,0,0.9446049594300647,1,HIGH
L,297.6,308.7,1476,39.0,44,11.099999999999966,6028.087983708095,1716.0,0,0.011040436328868194,0,LOW
L,300.5,312.0,1461,38.1,39,11.5,5829.130920956253,1485.9,0,0.00819401168562082,0,LOW
L,301.5,310.6,1522,41.0,114,9.100000000000023,6534.722158977009,4674.0,0,0.20211740856607532,0,LOW
M,296.9,307.6,1685,32.0,10,10.700000000000045,5646.4891960520545,320.0,0,0.001565950494380106,0,LOW
L,300.1,309.3,1685,27.1,203,9.199999999999989,4781.870537906584,5501.3,0,0.3845728935024085,0,MEDIUM
L,304.3,313.5,1452,41.5,15,9.199999999999989,6310.203004000458,622.5,0,0.06139595693691116,0,LOW
M,298.8,308.5,1510,38.7,66,9.699999999999989,6119.508329927558,2554.2000000000003,0,0.027947052569050123,0,LOW
L,301.1,310.0,1513,38.0,17,8.899999999999977,6020.757600849719,646.0,0,0.030738926008441712,0,LOW
L,300.5,311.6,1528,42.4,163,11.100000000000023,6784.499718888421,6911.2,0,0.13208580529260833,0,LOW
M,302.4,310.9,1435,42.3,83,8.5,6356.541495640907,3510.8999999999996,0,0.20036870806869278,0,LOW
L,301.0,311.0,1581,37.0,127,10.0,6125.791515234738,4699.0,0,0.08960690842931236,0,LOW
M,295.3,305.8,1589,36.2,184,10.5,6023.668810042045,6660.8,0,0.08303338929420503,0,LOW
L,301.0,312.3,1488,42.6,107,11.300000000000011,6638.059613329089,4558.2,0,0.05788804583644221,0,LOW
L,302.3,311.4,1845,21.9,27,9.099999999999966,4231.254065487413,591.3,0,0.014331579045183316,0,LOW
L,298.9,308.5,1559,34.3,126,9.600000000000023,5599.75276934215,4321.799999999999,0,0.08343414595832856,0,LOW
L,301.0,309.7,1491,42.9,165,8.699999999999989,6698.283944498406,7078.5,0,0.5217037251308666,1,MEDIUM
L,301.2,310.4,1470,44.0,113,9.199999999999989,6773.273761139593,4972.0,0,0.28453344094159855,0,LOW
H,298.3,310.0,1419,47.1,105,11.699999999999989,6998.934361446949,4945.5,0,0.06320691557891643,0,LOW
L,300.6,309.6,1426,53.6,66,9.0,8004.107874914027,3537.6,0,0.5567335629974729,1,MEDIUM
L,298.1,308.1,1484,40.4,59,10.0,6278.326310542034,2383.6,0,0.03906719922220368,0,LOW
L,297.9,308.6,1757,27.5,118,10.700000000000045,5059.79676799416,3245.0,0,0.02714204796003644,0,LOW
M,299.7,309.0,1465,49.0,158,9.300000000000011,7517.307621264777,7742.0,0,0.4534759210735313,0,MEDIUM
L,298.7,310.1,1558,37.6,44,11.400000000000034,6134.567030713765,1654.4,0,0.006629639229992848,0,LOW
M,303.0,312.7,1553,35.8,122,9.699999999999989,5822.146113289771,4367.599999999999,0,0.07152025817696,0,LOW
M,300.3,309.6,1524,38.4,54,9.300000000000011,6128.367621210681,2073.6,0,0.03030780170494035,0,LOW
L,297.9,309.1,1595,32.0,32,11.200000000000045,5344.896301307434,1024.0,0,0.002802049789719764,0,LOW
M,297.7,309.0,1656,33.2,20,11.300000000000011,5757.408360674799,664.0,0,0.0014893660122646825,0,LOW
L,301.5,310.5,2289,16.4,112,9.0,3931.1377192899795,1836.7999999999997,0,0.7791502701198006,1,HIGH
M,299.3,309.1,1449,47.9,131,9.800000000000011,7268.294515565736,6274.9,0,0.26925605971455063,0,LOW
H,302.8,312.4,1411,53.8,246,9.599999999999966,7949.465106692589,13234.8,1,0.8735788608249866,1,HIGH
L,302.0,311.1,1635,36.0,23,9.100000000000023,6163.804786343174,828.0,0,0.020462722277545815,0,LOW
L,298.9,308.5,1503,40.6,145,9.600000000000023,6390.187952960855,5887.0,0,0.2102987704206375,0,LOW
M,300.7,311.0,1559,42.8,121,10.300000000000011,6987.446604310321,5178.799999999999,0,0.073096913366995,0,LOW
H,298.5,309.7,1561,35.3,208,11.199999999999989,5770.4040822851475,7342.4,0,0.1037141323410576,0,LOW
L,303.7,312.5,1433,53.6,185,8.800000000000011,8043.3987270349235,9916.0,0,0.8789807409920971,1,HIGH
M,301.7,310.6,1691,27.7,105,8.900000000000034,4905.146633633447,2908.5,0,0.0507468875710889,0,LOW
M,298.9,310.0,1348,58.2,163,11.100000000000023,8215.64178025574,9486.6,0,0.6831694014337787,1,MEDIUM
H,299.1,309.4,1811,24.6,77,10.299999999999955,4665.327922433915,1894.2,0,0.011266060544929504,0,LOW
L,296.6,307.4,1389,42.7,48,10.799999999999955,6210.960092073557,2049.6000000000004,0,0.03405495103621573,0,LOW
L,299.1,308.9,1445,43.4,197,9.799999999999955,6567.2900028192225,8549.8,0,0.4905069609007676,0,MEDIUM
L,300.1,311.5,1659,31.1,203,11.399999999999977,5403.005293423334,6313.3,0,0.11334506183827273,0,LOW
M,300.5,311.9,1323,57.9,155,11.399999999999977,8021.711265749641,8974.5,0,0.6871381791530948,1,MEDIUM
L,298.9,308.4,1301,51.1,138,9.5,6961.884512085613,7051.8,0,0.7729884072682099,1,HIGH
M,299.2,310.4,1502,39.8,34,11.199999999999989,6260.105073151213,1353.1999999999998,0,0.00658726496318815,0,LOW
L,300.7,309.3,1580,38.3,102,8.600000000000023,6337.0112613110905,3906.6,0,0.1520221593427521,0,LOW
M,304.0,313.2,1437,53.9,7,9.199999999999989,8110.995328964664,377.3,0,0.29426330232523734,0,LOW
M,302.4,311.1,1721,30.1,210,8.700000000000045,5424.703226684128,6321.0,0,0.4556873918843975,0,MEDIUM
L,300.7,310.8,1754,27.7,84,10.100000000000023,5087.893078292765,2326.7999999999997,0,0.02210329493298297,0,LOW
L,301.8,309.6,1443,42.7,231,7.800000000000011,6452.422903428469,9863.7,0,0.8901612187651768,1,HIGH
L,295.6,306.2,1650,28.2,35,10.599999999999966,4872.610205717769,987.0,0,0.0028474754433602586,0,LOW
L,298.5,309.6,1582,40.3,103,11.100000000000023,6676.36609975186,4150.9,0,0.030616379187298107,0,LOW
L,300.7,310.1,1351,46.9,165,9.400000000000034,6635.24265191637,7738.5,0,0.6802217514239008,1,MEDIUM
M,300.8,310.7,1572,36.2,167,9.899999999999977,5959.224272741407,6045.400000000001,0,0.12688624464839807,0,LOW
H,297.9,307.5,1880,23.3,146,9.600000000000023,4587.144153261576,3401.8,0,0.12140557096789559,0,LOW
L,304.1,313.2,1412,47.5,150,9.099999999999966,7023.55397587558,7125.0,0,0.6687428366524433,1,MEDIUM
H,297.9,308.7,1545,35.9,120,10.800000000000011,5808.333577589488,4308.0,0,0.02512092103007408,0,LOW
M,297.8,307.8,1310,57.9,70,10.0,7942.888706071074,4053.0,0,0.7023079401259363,1,HIGH
M,301.0,310.6,1460,53.6,74,9.600000000000023,8194.949156644094,3966.4,0,0.312482911025388,0,MEDIUM
H,298.0,307.6,1593,32.2,118,9.600000000000023,5371.557950960901,3799.6000000000004,0,0.03995716824116723,0,LOW
L,300.4,311.6,1332,54.6,111,11.200000000000045,7615.97457453852,6060.6,0,0.5451632251299804,1,MEDIUM
H,301.2,310.9,1798,22.3,59,9.699999999999989,4198.780469424806,1315.7,0,0.011446498843794664,0,LOW
M,299.0,308.9,1449,39.6,105,9.899999999999977,6008.861436668125,4158.0,0,0.06511063713862579,0,LOW
L,298.0,308.5,1461,48.0,68,10.5,7343.7869870315,3264.0,0,0.10395512551574136,0,LOW
M,298.1,308.6,1425,41.9,11,10.5,6252.554778807085,460.9,0,0.012175140428446496,0,LOW
M,298.9,310.1,1442,42.9,153,11.200000000000045,6478.152547261368,6563.7,0,0.0934417488995895,0,LOW
M,300.8,311.2,1592,32.9,82,10.399999999999977,5484.885669951395,2697.7999999999997,0,0.012811729133992155,0,LOW
H,297.5,308.4,1793,23.9,28,10.899999999999977,4487.524250216244,669.1999999999999,0,0.0017417205635710633,0,LOW
M,301.9,311.0,1467,48.1,43,9.100000000000023,7389.308664582016,2068.3,0,0.15266037377400932,0,LOW
H,298.8,310.2,1455,44.9,107,11.399999999999977,6841.289242089812,4804.3,0,0.05057156003353176,0,LOW
H,295.6,306.2,1329,55.3,135,10.599999999999966,7696.2422668377385,7465.5,0,0.5864495313013508,1,MEDIUM
L,301.0,311.5,1444,39.8,197,10.5,6018.36999043299,7840.599999999999,0,0.31512883397170827,0,MEDIUM
M,298.7,309.8,1501,44.7,48,11.100000000000023,7026.140553827036,2145.6000000000004,0,0.018137553736228027,0,LOW
L,302.5,310.4,1349,55.1,187,7.899999999999977,7783.808926068799,10303.7,1,0.9706097738353725,1,HIGH
M,301.9,311.1,1605,40.0,179,9.200000000000045,6723.008278682157,7160.0,0,0.27205680260324067,0,LOW
M,300.2,309.5,1458,46.9,23,9.300000000000011,7160.757799033358,1078.7,0,0.08141283224998211,0,LOW
M,302.1,311.3,1453,45.1,174,9.199999999999989,6862.31696891784,7847.400000000001,0,0.48153700635778934,0,MEDIUM
L,301.3,310.0,1550,41.5,197,8.699999999999989,6736.098248072114,8175.5,0,0.5834403624640033,1,MEDIUM
L,302.4,310.1,1401,48.8,177,7.7000000000000455,7159.563993824995,8637.6,0,0.9027399889358081,1,HIGH
L,297.1,308.3,1773,23.8,169,11.199999999999989,4418.9013946863315,4022.2000000000003,0,0.06647737691324242,0,LOW
L,302.3,311.5,1395,54.2,198,9.199999999999989,7917.755964842355,10731.6,0,0.8964123349998919,1,HIGH
L,303.1,311.2,1394,45.3,144,8.099999999999966,6612.864040247298,6523.2,0,0.7386812586862056,1,HIGH
L,299.0,309.1,1394,45.1,179,10.100000000000023,6583.668172519938,8072.900000000001,0,0.46900237819241425,0,MEDIUM
L,301.0,311.0,1553,35.8,26,10.0,5822.146113289771,930.8,0,0.011581050550061934,0,LOW
L,300.3,311.5,1378,47.5,64,11.199999999999989,6854.43157135733,3040.0,0,0.104747587339395,0,LOW
L,296.6,307.4,1616,28.0,175,10.799999999999955,4738.359479654365,4900.0,0,0.06518256844468129,0,LOW
L,301.6,309.9,1440,43.4,100,8.299999999999955,6544.565815958256,4340.0,0,0.3951195451182838,0,MEDIUM
M,302.5,310.4,1429,43.2,191,7.899999999999977,6464.643698850933,8251.2,0,0.7427854448056533,1,HIGH
M,298.8,308.6,1500,37.1,210,9.800000000000011,5827.654372409066,7791.0,0,0.2762664430440734,0,LOW
L,300.2,311.5,1492,41.8,128,11.300000000000011,6530.910359890653,5350.4,0,0.07000513195691002,0,LOW
L,299.4,309.1,1766,24.6,158,9.700000000000045,4549.403153516451,3886.8,0,0.1492384961738998,0,LOW
M,302.5,311.9,1347,54.3,125,9.399999999999977,7659.422800937666,6787.5,0,0.7609893476851084,1,HIGH
M,299.4,309.0,1381,44.9,88,9.600000000000023,6493.347383729231,3951.2,0,0.16618346175684703,0,LOW
L,301.4,310.7,1568,35.2,23,9.300000000000011,5779.860276172454,809.6,0,0.01666646111690799,0,LOW
M,302.2,311.3,1658,31.0,2,9.100000000000023,5382.385973640273,62.0,0,0.005187443267227241,0,LOW
L,302.2,311.6,1462,50.0,51,9.400000000000034,7655.014099247129,2550.0,0,0.26450441442688843,0,LOW
L,298.9,310.2,1409,54.8,140,11.300000000000011,8085.747396005313,7672.0,0,0.42563165163003647,0,MEDIUM
H,298.1,308.9,1388,53.5,83,10.799999999999955,7776.279575675695,4440.5,0,0.2525884570140524,0,LOW
L,302.0,311.0,1632,34.2,18,9.0,5844.870300150738,615.6,0,0.016486054271284,0,LOW
M,298.3,308.6,1589,37.1,137,10.300000000000011,6173.428531838671,5082.7,0,0.04987943739044549,0,LOW
L,297.4,308.2,1533,37.4,115,10.800000000000011,6004.023383981596,4301.0,0,0.037299212084271526,0,LOW
L,300.8,312.0,1496,40.0,175,11.199999999999989,6266.430146360441,7000.0,0,0.13913566795016566,0,LOW
M,297.5,308.7,1352,53.0,171,11.199999999999989,7503.79877285434,9063.0,0,0.46229873258305804,0,MEDIUM
M,300.6,309.5,1557,33.8,84,8.899999999999977,5511.044664780286,2839.2,0,0.04103760178427805,0,LOW
L,299.0,310.1,1623,33.0,210,11.100000000000023,5608.685364453858,6930.0,0,0.14868440348912407,0,LOW
L,300.8,310.7,1633,27.8,0,9.899999999999977,4754.004611069243,0.0,0,0.0026537339618839715,0,LOW
M,300.6,310.6,1463,45.5,196,10.0,6970.827579172832,8918.0,0,0.40142416348168347,0,MEDIUM
L,296.8,308.0,1510,39.4,29,11.199999999999989,6230.197111089038,1142.6,0,0.007205621978882108,0,LOW
L,299.2,308.9,1368,47.2,175,9.699999999999989,6761.712700174384,8260.0,0,0.6320504092513484,1,MEDIUM
L,298.2,309.0,1489,40.6,89,10.800000000000011,6330.6652441508395,3613.4,0,0.03900630133681368,0,LOW
L,300.4,309.8,1513,32.9,117,9.400000000000034,5212.708554419888,3849.2999999999997,0,0.07745744771601333,0,LOW
M,298.5,309.4,1365,48.7,56,10.899999999999977,6961.298081456943,2727.2000000000003,0,0.09253345238867289,0,LOW
L,301.3,310.4,1384,50.1,88,9.099999999999966,7261.100268389017,4408.8,0,0.5515224457178662,1,MEDIUM
L,301.1,309.7,1668,30.8,158,8.599999999999966,5379.914587419449,4866.400000000001,0,0.2666577206779958,0,LOW
L,302.6,310.8,1470,41.2,156,8.199999999999989,6342.247249067075,6427.200000000001,0,0.5723480057135155,1,MEDIUM
L,297.9,309.0,1290,49.8,43,11.100000000000023,6727.406508397182,2141.4,0,0.18451541411983766,0,LOW
M,303.5,312.0,1475,42.9,85,8.5,6626.404304584271,3646.5,0,0.2072612855287614,0,LOW
H,297.7,308.8,1404,50.3,97,11.100000000000023,7395.434770256516,4879.099999999999,0,0.13995391824083067,0,LOW
H,302.0,310.5,1841,23.6,119,8.5,4549.82203253693,2808.4,0,0.14274384746905686,0,LOW
M,298.9,309.6,1472,46.0,199,10.700000000000045,7090.7840586624025,9154.0,0,0.2758858644065253,0,LOW
L,304.1,313.3,1470,39.9,70,9.199999999999989,6142.127797033404,2793.0,0,0.11283797630873767,0,LOW
L,298.6,309.6,1472,39.1,14,11.0,6027.1664498630425,547.4,0,0.007398662147293751,0,LOW
L,301.9,310.5,1425,51.1,173,8.600000000000023,7625.430768425825,8840.300000000001,0,0.8348241508382191,1,HIGH
M,296.3,307.2,1446,45.9,180,10.899999999999977,6950.396754948985,8262.0,0,0.18929443552987632,0,LOW
L,301.7,310.5,1354,50.0,169,8.800000000000011,7089.527421600967,8450.0,0,0.8542019754319411,1,HIGH
M,297.1,308.4,1615,32.6,184,11.299999999999955,5513.390387294967,5998.400000000001,0,0.046416100408626856,0,LOW
M,295.6,306.2,1477,45.0,40,10.599999999999966,6960.1985240281865,1800.0,0,0.021648818713411913,0,LOW
M,299.7,311.2,1616,42.3,180,11.5,7158.307356763557,7613.999999999999,0,0.0634415485137622,0,LOW
L,303.0,311.2,1664,29.8,186,8.199999999999989,5192.759441069593,5542.8,0,0.5040060045056024,1,MEDIUM
H,296.9,307.9,1557,36.5,63,11.0,5951.2760433278245,2299.5,0,0.006869266356381811,0,LOW
H,301.6,310.6,1400,49.5,211,9.0,7257.079029792421,10444.5,0,0.8105181624887688,1,HIGH
M,300.4,310.6,1545,35.6,16,10.200000000000045,5759.795971091527,569.6,0,0.00506091645361804,0,LOW
L,302.3,310.9,1891,22.7,135,8.599999999999966,4495.168792339979,3064.5,0,0.3081158242439461,0,MEDIUM
H,298.8,309.8,1490,35.9,171,11.0,5601.564421105721,6138.9,0,0.06671913687354633,0,LOW
M,304.0,313.5,1732,26.2,126,9.5,4752.014935721969,3301.2,0,0.06733708198600517,0,LOW
L,302.7,312.1,1763,26.5,184,9.400000000000034,4892.454599312944,4876.0,0,0.33301865920312396,0,MEDIUM
L,299.2,309.0,1951,21.4,102,9.800000000000011,4372.196383902962,2182.7999999999997,0,0.08283721415055761,0,LOW
M,298.9,310.1,1313,56.8,171,11.200000000000045,7809.8317852160335,9712.8,0,0.7117327759866314,1,HIGH
L,299.7,310.6,1737,26.1,144,10.900000000000034,4747.543402178359,3758.4,0,0.046243924894612966,0,LOW
L,300.8,311.2,1481,38.5,181,10.399999999999977,5970.96335729032,6968.5,0,0.22421951119236927,0,LOW
H,298.1,308.5,1392,44.8,111,10.399999999999977,6530.491480870174,4972.799999999999,0,0.12871305972905006,0,LOW
M,298.8,310.5,1678,32.8,4,11.699999999999989,5763.607770177881,131.2,0,0.0008212259221298541,0,LOW
L,304.2,313.6,1411,46.0,149,9.400000000000034,6796.940425796637,6854.0,0,0.5691404923346519,1,MEDIUM
L,300.5,311.5,1487,43.0,78,11.0,6695.885862106165,3354.0,0,0.04512676281839879,0,LOW
M,298.9,310.6,1679,35.8,14,11.700000000000045,6294.515984683533,501.19999999999993,0,0.0013456146921751204,0,LOW
M,298.2,309.5,1478,36.5,182,11.300000000000011,5649.316629440285,6643.0,0,0.06599468547519227,0,LOW
M,298.5,309.2,1721,29.4,170,10.699999999999989,5298.547337691472,4998.0,0,0.05800851599232273,0,LOW
H,301.9,311.0,1871,26.0,132,9.100000000000023,5094.197207550969,3432.0,0,0.13298900779306386,0,LOW
M,301.9,311.4,1465,39.9,153,9.5,6121.236205887032,6104.7,0,0.21493971466312695,0,LOW
M,298.2,309.3,2056,18.7,144,11.100000000000023,4026.1813690365825,2692.7999999999997,0,0.13665209620869237,0,LOW
L,297.0,307.8,1500,39.9,175,10.800000000000011,6267.477343911637,6982.5,0,0.1403797441928887,0,LOW
L,298.0,308.9,1390,53.9,88,10.899999999999977,7845.70877332003,4743.2,0,0.33763636401095865,0,MEDIUM
L,299.8,309.1,1772,24.8,113,9.300000000000011,4601.97247058652,2802.4,0,0.0719744679497742,0,LOW
H,300.5,309.3,1471,45.2,223,8.800000000000011,6962.732742102082,10079.6,0,0.7046936252220201,1,HIGH
H,297.1,307.9,1420,39.8,192,10.799999999999955,5918.341680342691,7641.599999999999,0,0.16076889499778554,0,LOW
L,300.6,311.7,1497,43.6,198,11.099999999999966,6834.974640856098,8632.800000000001,0,0.2590306008534301,0,LOW
L,300.7,311.7,1395,43.7,215,11.0,6383.873351727139,9395.5,0,0.44153083895286577,0,MEDIUM
L,297.4,308.6,1488,36.4,71,11.200000000000045,5671.9570404971555,2584.4,0,0.011354291243741337,0,LOW
L,301.0,312.2,1540,34.1,113,11.199999999999989,5499.253220353813,3853.3,0,0.02454214780558161,0,LOW
L,298.2,308.1,1622,34.9,67,9.900000000000034,5927.954953862675,2338.2999999999997,0,0.020223988796211147,0,LOW
H,299.1,310.1,1421,41.2,149,11.0,6130.839007431506,6138.8,0,0.09312586888998821,0,LOW
L,301.1,311.1,1799,21.7,206,10.0,4088.0812162878133,4470.2,0,0.4111408568050758,0,MEDIUM
L,300.4,311.9,1476,48.7,189,11.5,7527.381661707287,9204.300000000001,0,0.28205053945299824,0,LOW
M,303.0,311.1,1372,54.3,117,8.100000000000023,7801.579868512604,6353.099999999999,1,0.8586816951731211,1,HIGH
H,301.6,310.4,1369,45.4,156,8.799999999999955,6508.605052050166,7082.4,0,0.5985421000180179,1,MEDIUM
L,295.9,306.4,1892,21.7,72,10.5,4299.416154094799,1562.3999999999999,0,0.014364650590948491,0,LOW
H,302.3,311.3,1744,30.3,116,9.0,5533.7269637392055,3514.8,0,0.07729478107659425,0,LOW
M,300.0,310.5,1790,25.7,123,10.5,4817.422894769708,3161.1,0,0.028902716514020835,0,LOW
H,298.4,308.2,1612,32.6,10,9.800000000000011,5503.148795244265,326.0,0,0.003591787493198619,0,LOW
M,298.3,307.9,1485,42.0,117,9.599999999999966,6531.371126813179,4914.0,0,0.11161960125356973,0,LOW
L,297.1,307.9,1456,50.0,166,10.799999999999955,7623.598172711231,8300.0,0,0.32813796944254003,0,MEDIUM
L,304.1,313.1,1327,54.1,57,9.0,7517.904523868958,3083.7000000000003,0,0.7848762041446283,1,HIGH
H,297.7,307.4,1432,40.2,132,9.699999999999989,6028.339311120382,5306.400000000001,0,0.1275463896309555,0,LOW
L,297.4,308.0,1423,38.0,154,10.600000000000023,5662.616038340482,5852.0,0,0.11227146940170696,0,LOW
M,298.7,310.1,1402,69.7,64,11.400000000000034,10233.151638440082,4460.8,1,0.7421035323031362,1,HIGH
M,300.1,311.4,1575,29.8,210,11.299999999999955,4915.021706541231,6258.0,0,0.08459025347950366,0,LOW
L,301.1,311.1,1570,41.6,202,10.0,6839.456646375219,8403.2,0,0.35938220891713935,0,MEDIUM
L,298.7,308.5,1668,35.2,77,9.800000000000011,6148.473814193656,2710.4,0,0.02710007454923974,0,LOW
M,297.4,308.2,1424,53.9,120,10.800000000000011,8037.6181965523165,6468.0,0,0.2745507295191868,0,LOW
H,299.6,310.1,1531,36.8,62,10.5,5899.994779245727,2281.6,0,0.01234526950835531,0,LOW
L,298.1,307.6,1354,43.3,155,9.5,6139.530747106436,6711.5,0,0.44156294808764124,0,MEDIUM
L,302.9,312.5,1550,45.5,72,9.600000000000023,7385.360729814005,3276.0,0,0.12334443691661057,0,LOW
M,300.1,309.5,1462,42.8,50,9.399999999999977,6552.692068955542,2140.0,0,0.05860122071907807,0,LOW
M,297.0,307.7,1261,51.1,130,10.699999999999989,6747.8373326210285,6643.0,0,0.5010113951004376,1,MEDIUM
L,298.6,309.5,1730,30.2,41,10.899999999999977,5471.188325981744,1238.2,0,0.004269879962555058,0,LOW
L,302.6,312.1,1420,51.6,182,9.5,7673.025897127711,9391.2,0,0.7761561868754396,1,HIGH
L,300.5,311.6,1534,37.7,90,11.100000000000023,6056.13193412914,3393.0000000000005,0,0.023727769326292978,0,LOW
M,298.6,309.5,1366,55.0,65,10.899999999999977,7867.595202140038,3575.0,0,0.2849451284935072,0,LOW
M,302.2,310.8,1356,48.3,36,8.600000000000023,6858.599417611092,1738.8,0,0.32871799540346236,0,MEDIUM
L,302.8,312.2,1746,27.4,44,9.399999999999977,5009.83497282657,1205.6,0,0.015543439762158832,0,LOW
L,298.1,307.9,1502,41.8,79,9.799999999999955,6574.683217530671,3302.2,0,0.07170034898330901,0,LOW
L,298.8,309.6,1523,41.9,165,10.800000000000011,6682.555037279432,6913.5,0,0.14538936774710912,0,LOW
M,301.3,311.1,1834,25.4,22,9.800000000000011,4878.223184592182,558.8,0,0.0048144719912714086,0,LOW
L,303.8,313.1,1422,42.4,152,9.300000000000011,6313.847251478622,6444.8,0,0.45868257922364913,0,MEDIUM
M,302.5,310.4,1509,37.6,45,7.899999999999977,5941.631353881304,1692.0,0,0.07059522944046445,0,LOW
M,297.5,308.0,2033,16.7,128,10.5,3555.3508780430807,2137.6,0,0.1376318320968356,0,LOW
M,301.9,311.1,1417,52.5,171,9.200000000000045,7790.364382739289,8977.5,0,0.7259388764135677,1,HIGH
L,298.1,307.8,1524,40.8,71,9.699999999999989,6511.390597536349,2896.7999999999997,0,0.055341717246019724,0,LOW
L,298.8,309.1,1512,40.7,156,10.300000000000011,6444.286178455671,6349.200000000001,0,0.16159605952701522,0,LOW
M,300.8,312.0,1422,50.7,219,11.199999999999989,7549.81263325392,11103.300000000001,0,0.46650085800901675,0,MEDIUM
L,299.2,310.3,1507,41.3,158,11.100000000000023,6517.663310868016,6525.4,0,0.11095571007491352,0,LOW
L,300.6,311.7,1428,52.6,208,11.099999999999966,7865.79402235198,10940.800000000001,0,0.5881088848053007,1,MEDIUM
L,298.2,307.8,1423,48.1,183,9.600000000000023,7167.679774846769,8802.300000000001,0,0.6117444165238086,1,MEDIUM
L,300.5,310.8,1445,46.6,155,10.300000000000011,7051.51415049253,7223.0,0,0.3489819265825609,0,MEDIUM
L,303.7,312.0,1892,22.5,79,8.300000000000011,4457.919975443916,1777.5,0,0.12219301157733327,0,LOW
L,302.4,311.3,1392,50.5,51,8.900000000000034,7361.379905891603,2575.5,0,0.4823236490794418,0,MEDIUM
M,300.1,311.4,1342,48.5,203,11.299999999999955,6815.894701473295,9845.5,0,0.4490888580271947,0,MEDIUM
L,298.4,309.3,1409,43.1,166,10.900000000000034,6359.410816931187,7154.6,0,0.21717327409756454,0,LOW
L,303.3,311.4,1658,30.5,7,8.099999999999966,5295.573296646075,213.5,0,0.01833801302221234,0,LOW
H,297.5,309.3,1525,41.7,235,11.800000000000011,6659.3910274469645,9799.5,0,0.15095292452576842,0,LOW
L,300.8,309.9,1312,65.3,192,9.099999999999966,8971.718412219681,12537.599999999999,1,0.9895439936416902,1,HIGH
L,300.7,311.7,1910,19.7,13,11.0,3940.290225887438,256.09999999999997,0,0.0031565543618765233,0,LOW
L,299.4,309.3,1377,43.6,28,9.900000000000034,6287.080882070038,1220.8,0,0.06739840012306073,0,LOW
M,303.4,311.7,1353,44.1,192,8.300000000000011,6248.345044651275,8467.2,1,0.7852111530349987,1,HIGH
L,300.4,311.1,1487,37.4,162,10.700000000000045,5823.863517273734,6058.8,0,0.12223090688245537,0,LOW
M,301.1,311.3,1389,53.3,8,10.199999999999989,7752.790934602355,426.4,0,0.18450135801150866,0,LOW
L,297.4,308.3,1706,30.9,9,10.900000000000034,5520.343779034912,278.09999999999997,0,0.0019442874875348372,0,LOW
M,301.5,311.1,1660,33.8,115,9.600000000000023,5875.6160202538695,3886.9999999999995,0,0.04946573722105226,0,LOW
L,297.0,308.1,1537,39.0,103,11.100000000000023,6277.216281137766,4017.0,0,0.027578427408391656,0,LOW
L,299.6,311.1,1679,30.7,129,11.5,5397.811193569398,3960.2999999999997,0,0.021214248737516643,0,LOW
H,301.2,310.9,1598,35.9,71,9.699999999999989,6007.5838556556655,2548.9,0,0.02382081074981939,0,LOW
M,296.9,308.1,1483,44.3,219,11.200000000000045,6879.763280120775,9701.699999999999,0,0.2093695855469421,0,LOW
L,303.9,312.7,1339,62.3,156,8.800000000000011,8735.690556155481,9718.8,0,0.9795326874535109,1,HIGH
M,297.2,308.2,1678,28.1,133,11.0,4937.724949451173,3737.3,0,0.016857414972193556,0,LOW
M,298.2,308.8,1607,31.9,39,10.600000000000023,5368.2802226256545,1244.1,0,0.0033222263673084707,0,LOW
L,297.2,308.5,1513,42.9,212,11.300000000000011,6797.11844938034,9094.8,0,0.2139317647218626,0,LOW
L,297.2,308.6,1924,22.1,163,11.400000000000034,4452.725875589981,3602.3,0,0.09827836718367379,0,LOW
M,303.1,312.5,1766,26.7,157,9.399999999999977,4937.766837353221,4191.9,0,0.14731570259509585,0,LOW
M,297.2,308.5,1364,54.0,43,11.300000000000011,7713.238283093659,2322.0,0,0.14881985189602767,0,LOW
L,299.3,309.1,1495,44.0,55,9.800000000000011,6888.46549177122,2420.0,0,0.07195293016037978,0,LOW
M,298.6,309.5,1426,45.4,38,10.899999999999977,6779.598834348822,1725.2,0,0.0283665034002147,0,LOW
M,299.8,311.2,1745,26.3,150,11.399999999999977,4805.956081584105,3945.0,0,0.025812287572615798,0,LOW
H,298.7,310.1,1435,45.6,37,11.400000000000034,6852.441896010057,1687.2,0,0.02071596957495631,0,LOW
M,299.2,308.6,1367,47.6,168,9.400000000000034,6814.030689832166,7996.8,0,0.57105120074084,1,MEDIUM
M,300.5,310.2,1386,48.2,225,9.699999999999989,6995.824184719894,10845.0,0,0.7255427519480393,1,HIGH
L,297.0,308.1,1429,54.0,138,11.100000000000023,8080.804623563666,7452.0,0,0.3553968703897021,0,MEDIUM
M,301.7,310.0,1391,50.6,195,8.300000000000011,7370.6580761952055,9867.0,0,0.8673991762526643,1,HIGH
M,298.0,307.4,1463,46.5,182,9.399999999999977,7124.032580912894,8463.0,0,0.4333943239045062,0,MEDIUM
M,298.6,310.1,1458,41.9,61,11.5,6397.350784211038,2555.9,0,0.013229544338071681,0,LOW
M,302.1,311.0,1574,34.1,215,8.899999999999977,5620.665304439547,7331.5,0,0.4389833096989542,0,MEDIUM
M,299.9,311.4,1337,54.8,32,11.5,7672.565130205183,1753.6,0,0.19330795389689875,0,LOW
L,298.9,308.7,1433,44.7,108,9.800000000000011,6707.834386165319,4827.6,0,0.21116347076677508,0,LOW
M,297.5,308.5,1699,30.1,40,11.0,5355.3578048438885,1204.0,0,0.002256612390637128,0,LOW
L,302.5,311.9,1306,59.7,172,9.399999999999977,8164.810811120657,10268.4,0,0.9686652095999921,1,HIGH
L,297.6,309.5,1924,20.6,37,11.899999999999977,4150.504662314644,762.2,0,0.002790093006179582,0,LOW
L,300.3,309.3,1478,39.5,180,9.0,6113.644023640857,7110.0,0,0.4520054720713147,0,MEDIUM
M,304.0,313.1,1466,39.5,83,9.100000000000023,6064.006859714138,3278.5,0,0.09704162241666313,0,LOW
L,297.6,308.6,1576,32.7,83,11.0,5396.7535240426905,2714.1000000000004,0,0.010360035299686645,0,LOW
L,299.9,309.2,1598,34.6,111,9.300000000000011,5790.039036370084,3840.6000000000004,0,0.08109353545533042,0,LOW
L,299.8,309.7,1429,42.6,127,9.899999999999977,6374.856980811336,5410.2,0,0.21495360272224973,0,LOW
L,298.2,307.8,1530,35.9,68,9.600000000000023,5751.941989457552,2441.2,0,0.030688415908434432,0,LOW
M,302.5,312.0,1487,46.1,175,9.5,7178.612517281261,8067.5,0,0.42139399957850715,0,MEDIUM
M,303.0,311.1,1597,36.7,191,8.100000000000023,6137.614375587747,7009.700000000001,0,0.49444701073508024,0,MEDIUM
H,301.1,310.6,1782,24.9,93,9.5,4646.604030218518,2315.7,0,0.030465840300826736,0,LOW
M,300.9,310.9,1636,35.3,153,10.0,6047.649633964446,5400.9,0,0.08339249763181494,0,LOW
M,296.6,307.5,1482,39.9,153,10.899999999999977,6192.267615784697,6104.7,0,0.0632271563175171,0,LOW
M,303.0,311.3,1335,53.6,164,8.300000000000011,7493.326797342374,8790.4,1,0.9193489915105751,1,HIGH
L,299.6,309.0,1472,48.8,72,9.399999999999977,7522.397001363591,3513.6,0,0.24016650316801028,0,LOW
L,301.7,310.5,1567,39.1,114,8.800000000000011,6416.147980255018,4457.400000000001,0,0.1880044549101934,0,LOW
L,296.7,307.7,1927,23.9,112,11.0,4822.899737962466,2676.7999999999997,0,0.031782194792485716,0,LOW
L,300.7,310.8,1925,22.0,74,10.100000000000023,4434.881629317591,1628.0,0,0.031551675846357784,0,LOW
L,299.0,310.3,1431,39.9,157,11.300000000000011,5979.173386091702,6264.3,0,0.10186506830027282,0,LOW
M,298.7,308.4,1430,49.6,135,9.699999999999989,7427.562791127228,6696.0,0,0.36378751775992646,0,MEDIUM
L,297.4,308.4,1328,61.8,98,11.0,8594.392190572524,6056.4,0,0.804745564431896,1,HIGH
H,302.0,309.9,1447,42.8,185,7.899999999999977,6485.461986168721,7917.999999999999,0,0.702719358006266,1,HIGH
L,299.6,311.0,1574,35.0,133,11.399999999999977,5769.011309542057,4655.0,0,0.031158301580802527,0,LOW
M,301.5,310.5,1503,38.2,200,9.0,6012.4428522932185,7640.000000000001,0,0.41816612958207133,0,MEDIUM
M,298.9,308.9,1750,29.9,50,10.0,5479.461186636197,1495.0,0,0.006697974114015095,0,LOW
M,300.5,309.9,1552,41.3,116,9.399999999999977,6712.284975757903,4790.799999999999,0,0.10779481166663385,0,LOW
L,297.3,308.1,1506,36.0,150,10.800000000000011,5677.486243567474,5400.0,0,0.06545415209462702,0,LOW
L,300.7,310.9,1521,39.4,61,10.199999999999989,6275.582652957899,2403.4,0,0.03297410371258509,0,LOW
L,298.0,308.5,1404,46.6,201,10.5,6851.436586360908,9366.6,0,0.5017665655449043,1,MEDIUM
H,298.0,309.4,1562,38.1,58,11.399999999999977,6232.103010632216,2209.8,0,0.006034805217658291,0,LOW
L,300.9,311.5,1505,41.1,129,10.600000000000023,6477.492812804115,5301.900000000001,0,0.1047361196368431,0,LOW
L,300.9,310.7,1477,43.2,143,9.800000000000011,6681.790583067059,6177.6,0,0.27057050165525476,0,LOW
M,303.8,312.7,1919,20.2,131,8.899999999999977,4059.3356435074666,2646.2,0,0.235447981010795,0,LOW
L,300.6,310.4,2514,13.4,215,9.799999999999955,3527.75722256905,2881.0,0,0.9980604023318684,1,HIGH
L,298.0,307.6,1281,50.8,122,9.600000000000023,6814.6171204608345,6197.599999999999,0,0.7241858755700917,1,HIGH
L,300.6,310.3,1648,30.5,217,9.699999999999989,5263.633771334578,6618.5,1,0.3750806166839827,0,MEDIUM
L,301.3,311.0,1576,30.4,151,9.699999999999989,5017.165355684947,4590.4,0,0.11320745630612504,0,LOW
L,298.6,309.9,1615,28.8,199,11.299999999999955,4870.725250125615,5731.2,0,0.09226655577466944,0,LOW
H,297.8,309.2,1648,33.0,29,11.399999999999977,5695.079162427577,957.0,0,0.0017548056451424595,0,LOW
M,298.6,309.7,1280,64.1,71,11.099999999999966,8592.046468057844,4551.099999999999,0,0.865240210457698,1,HIGH
L,298.1,308.9,1367,41.9,113,10.799999999999955,5998.064829915288,4734.7,0,0.1022098186878412,0,LOW
L,296.5,307.5,1566,35.1,206,11.0,5756.0888917602915,7230.6,0,0.13829962694920817,0,LOW
L,302.2,311.1,1470,39.6,97,8.900000000000034,6095.946385025634,3841.2000000000003,0,0.1801178656005674,0,LOW
L,296.8,308.1,1356,48.3,201,11.300000000000011,6858.599417611092,9708.3,0,0.46415653319068434,0,MEDIUM
L,301.3,310.5,1503,48.6,72,9.199999999999989,7649.338288519643,3499.2000000000003,0,0.24552468595070043,0,LOW
L,302.6,312.1,1344,51.0,206,9.5,7177.910894921959,10506.0,0,0.8864395088908249,1,HIGH
L,297.7,308.7,1731,28.4,104,11.0,5148.065049584521,2953.6,0,0.015040431777031817,0,LOW
L,300.0,309.3,1558,29.7,168,9.300000000000011,4845.655340749969,4989.599999999999,0,0.1765866749601911,0,LOW
M,298.4,309.5,1519,35.4,133,11.100000000000023,5631.053504147417,4708.2,0,0.025379484681534198,0,LOW
L,301.3,310.8,1560,38.5,52,9.5,6289.468492486765,2002.0,0,0.03847984551366203,0,LOW
L,298.6,309.7,1356,54.0,6,11.099999999999966,7667.999348881966,324.0,0,0.18847345339207416,0,LOW
L,297.1,307.8,1536,40.4,92,10.699999999999989,6498.321572097414,3716.7999999999997,0,0.03492627934929165,0,LOW
M,304.2,313.5,1557,37.3,164,9.300000000000011,6081.714970304873,6117.2,0,0.2250251990085367,0,LOW
L,297.0,307.7,1447,46.4,8,10.699999999999989,7030.968134538053,371.2,0,0.030158397328309085,0,LOW
L,298.2,308.6,1353,54.1,38,10.400000000000034,7665.203331420272,2055.8,0,0.3652004520683161,0,MEDIUM
L,302.0,310.8,1454,36.6,0,8.800000000000011,5572.808376349863,0.0,0,0.021959662972192474,0,LOW
H,301.7,310.1,1660,29.3,72,8.400000000000034,5093.3594495100115,2109.6,0,0.0365429312933769,0,LOW
M,298.9,308.9,1727,27.1,37,10.0,4901.062563183781,1002.7,0,0.004080817313555698,0,LOW
M,300.4,311.5,1476,32.6,144,11.100000000000023,5038.86328894574,4694.400000000001,0,0.027475137170331187,0,LOW
M,297.5,308.6,1255,60.7,77,11.100000000000023,7977.393865383002,4673.900000000001,0,0.7938292863426917,1,HIGH
L,300.1,309.2,1427,37.6,73,9.099999999999966,5618.759404896369,2744.8,0,0.07822778421161927,0,LOW
M,301.5,310.8,1385,47.5,30,9.300000000000011,6889.250889934617,1425.0,0,0.15545857602522,0,LOW
L,301.7,311.0,1715,24.8,17,9.300000000000011,4453.940624749369,421.6,0,0.006235334554274116,0,LOW
M,300.5,309.5,1691,27.6,67,9.0,4887.438523042713,1849.2,0,0.01791286518635804,0,LOW
M,300.7,309.6,1996,19.8,203,8.900000000000034,4138.60849813305,4019.4,1,0.743139032087863,1,HIGH
L,302.9,311.2,1751,23.8,196,8.300000000000011,4364.070130905678,4664.8,0,0.60563300304493,1,MEDIUM
L,298.6,309.8,1370,56.0,0,11.199999999999989,8034.099612780297,0.0,0,0.21804181966201677,0,LOW
M,298.8,309.0,1592,38.2,169,10.199999999999989,6368.469075749037,6455.8,0,0.10417009251156634,0,LOW
L,298.1,307.4,1608,33.9,193,9.299999999999955,5708.3995152787975,6542.7,0,0.2975835930319011,0,LOW
L,297.2,308.1,1431,49.7,210,10.900000000000034,7447.742287938786,10437.0,1,0.49387709726533646,0,MEDIUM
M,300.5,309.4,1347,50.1,213,8.899999999999977,7066.9812583237035,10671.300000000001,0,0.8658841751526247,1,HIGH
L,301.2,310.6,1437,51.2,112,9.400000000000034,7704.693151075897,5734.400000000001,0,0.5271190990291663,1,MEDIUM
M,297.4,308.6,1522,38.0,33,11.200000000000045,6056.571757100643,1254.0,0,0.004182924262713968,0,LOW
L,301.0,311.4,1484,36.2,188,10.399999999999977,5625.629020832219,6805.6,0,0.2127526829592328,0,LOW
L,303.6,311.8,1695,30.7,90,8.199999999999989,5449.249537284176,2763.0,0,0.11071912250687953,0,LOW
L,298.4,308.5,1741,32.8,112,10.100000000000023,5980.000672157146,3673.5999999999995,0,0.039244097817039976,0,LOW
M,301.6,310.4,1377,44.9,161,8.799999999999955,6474.5397157097395,7228.9,0,0.5775062890363718,1,MEDIUM
L,299.5,309.2,1816,23.0,15,9.699999999999989,4373.934731837949,345.0,0,0.005137126013675307,0,LOW
M,301.9,310.9,1569,32.5,188,9.0,5339.922112939251,6110.0,0,0.2709440070744628,0,LOW
M,299.6,309.3,1387,48.3,25,9.699999999999989,7015.396306951758,1207.5,0,0.11629816413557151,0,LOW
L,302.3,311.5,1448,49.6,28,9.199999999999989,7521.056588498061,1388.8,0,0.23715222098782038,0,LOW
L,303.2,311.5,1544,42.5,227,8.300000000000011,6871.7103309520735,9647.5,0,0.7946290768360214,1,HIGH
L,299.3,310.6,1480,45.1,107,11.300000000000011,6989.8342147270505,4825.7,0,0.07249305053998037,0,LOW
H,300.8,310.8,1618,32.8,40,10.0,5557.519292102391,1312.0,0,0.00718759073662548,0,LOW
L,300.8,310.9,1748,29.9,140,10.099999999999966,5473.198945280042,4186.0,0,0.08046419354308755,0,LOW
L,297.4,308.4,1580,41.2,66,11.0,6816.837179269373,2719.2000000000003,0,0.017366561190052244,0,LOW
L,300.8,310.9,1453,43.9,84,10.099999999999966,6679.727603891201,3687.6,0,0.11779099840107905,0,LOW
M,301.1,310.6,1410,43.9,73,9.5,6482.04812215182,3204.7,0,0.12065142681402394,0,LOW
M,300.7,309.5,1838,24.9,66,8.800000000000011,4792.625256757373,1643.3999999999999,0,0.028270639542093114,0,LOW
L,297.2,308.5,1471,41.7,41,11.300000000000011,6423.583082868514,1709.7,0,0.013807345050406795,0,LOW
M,303.5,313.0,1403,51.9,77,9.5,7625.24227286661,3996.2999999999997,0,0.4184200059178157,0,MEDIUM
L,301.6,310.0,1566,30.3,79,8.399999999999977,4968.9314364768325,2393.7000000000003,0,0.058233164601859615,0,LOW
L,300.2,309.5,2183,17.8,39,9.300000000000011,4069.1374125866673,694.2,0,0.10970674339764715,0,LOW
L,301.7,311.1,1455,39.8,118,9.400000000000034,6064.216299224377,4696.4,0,0.19064353591651417,0,LOW
L,298.3,309.4,1618,31.5,108,11.099999999999966,5337.2517591836995,3402.0,0,0.01605017514321965,0,LOW
M,299.0,310.3,1540,38.1,182,11.300000000000011,6144.3269118909175,6934.2,0,0.07111706652129222,0,LOW
H,298.6,308.3,1377,52.1,181,9.699999999999989,7512.773255868095,9430.1,0,0.6988710341093728,1,MEDIUM
L,298.9,310.1,1495,42.9,175,11.200000000000045,6716.253854476939,7507.5,0,0.15708720512996835,0,LOW
L,301.1,310.8,1274,55.7,169,9.699999999999989,7431.102318850272,9413.300000000001,0,0.9371357826257841,1,HIGH
L,300.1,309.7,1481,37.9,34,9.599999999999966,5877.909382890991,1288.6,0,0.025612144186380713,0,LOW
L,303.9,313.0,1551,36.8,140,9.100000000000023,5977.0685190137965,5152.0,0,0.2326612652051231,0,LOW
M,300.7,309.6,1439,43.0,61,8.900000000000034,6479.744287539187,2623.0,0,0.11251195745560519,0,LOW
L,300.3,311.7,1579,33.6,59,11.399999999999977,5555.843776020477,1982.4,0,0.0061299631090044856,0,LOW
H,300.1,311.4,1377,56.7,50,11.299999999999955,8176.089128747045,2835.0,0,0.27105336030120825,0,LOW
L,297.6,309.4,1958,22.1,108,11.799999999999955,4531.412299586894,2386.8,0,0.022118175142836167,0,LOW
L,298.2,309.0,1353,57.8,89,10.800000000000011,8189.4408975248,5144.2,0,0.6178291155475415,1,MEDIUM
L,297.7,308.5,1373,56.7,203,10.800000000000011,8152.338688285906,11510.1,1,0.7831769819557288,1,HIGH
L,298.5,308.1,1662,28.6,48,9.600000000000023,4977.665064053812,1372.8000000000002,0,0.010116069221802117,0,LOW
M,301.0,312.0,1558,37.5,190,11.0,6118.251692866122,7125.0,0,0.10536374931203654,0,LOW
L,299.4,309.1,2421,14.2,57,9.700000000000045,3600.076685454687,809.4,0,0.6080836885070157,1,MEDIUM
L,299.1,310.3,1449,40.7,40,11.199999999999989,6175.774254353351,1628.0,0,0.01502352963461883,0,LOW
L,297.1,307.9,1507,38.3,170,10.799999999999955,6044.225297972034,6510.999999999999,0,0.11297157119643515,0,LOW
L,300.6,309.4,1552,36.4,113,8.799999999999955,5915.912182023915,4113.2,0,0.14425929044818075,0,LOW
L,302.4,310.3,1923,23.3,172,7.900000000000034,4692.062875915964,4007.6,0,0.6819727514489294,1,MEDIUM
L,302.6,311.5,1599,37.0,211,8.899999999999977,6195.534872144431,7807.0,0,0.5536279852089063,1,MEDIUM
L,300.3,311.1,1605,37.1,160,10.800000000000011,6235.590178477701,5936.0,0,0.09014211546971636,0,LOW
H,299.9,311.3,1413,41.8,153,11.400000000000034,6185.104784534512,6395.4,0,0.08886116277050905,0,LOW
L,299.3,310.8,1483,43.5,15,11.5,6755.5237626468115,652.5,0,0.011340465344955052,0,LOW
M,299.7,310.3,1661,34.5,6,10.600000000000023,6000.913207254543,207.0,0,0.002359828901178186,0,LOW
L,300.3,311.7,1515,37.5,5,11.399999999999977,5949.39108773567,187.5,0,0.003666886273421213,0,LOW
L,299.0,308.6,1297,54.2,110,9.600000000000023,7361.526513548772,5962.0,0,0.8091370971256243,1,HIGH
M,299.7,311.1,1618,30.3,125,11.400000000000034,5133.927882643368,3787.5,0,0.012628103042592886,0,LOW
M,298.7,309.8,1475,40.5,59,11.100000000000023,6255.696371460675,2389.5,0,0.012977545885907752,0,LOW
H,298.9,308.7,1353,48.1,79,9.800000000000011,6815.088359358874,3799.9,0,0.24521940480542886,0,LOW
H,299.1,310.0,1431,49.5,205,10.899999999999977,7417.77149402354,10147.5,0,0.4103285528209667,0,MEDIUM
M,303.7,312.8,1685,31.8,203,9.100000000000023,5611.1986385767295,6455.400000000001,0,0.35871707375463996,0,MEDIUM
M,302.2,311.4,1372,55.1,9,9.199999999999989,7916.520271731943,495.90000000000003,0,0.46200634047723466,0,MEDIUM
M,299.6,310.8,1427,50.4,98,11.199999999999989,7531.5285640100265,4939.2,0,0.12496682924502253,0,LOW
L,300.9,312.0,1500,44.2,188,11.100000000000023,6942.919764433443,8309.6,0,0.23826821127197073,0,LOW
L,302.7,312.4,1360,47.8,11,9.699999999999989,6807.6218408188415,525.8,0,0.17624753232059126,0,LOW
L,299.5,309.3,1577,36.6,14,9.800000000000011,6044.235769947547,512.4,0,0.01024447573499094,0,LOW
M,299.6,309.1,1471,44.3,67,9.5,6824.094258299164,2968.1,0,0.08339068668216655,0,LOW
L,302.5,312.0,1574,42.0,188,9.5,6922.813571450468,7896.0,0,0.40867184592494343,0,MEDIUM
L,303.7,311.9,1561,33.3,153,8.199999999999989,5443.46900680157,5094.9,0,0.3583726357879518,0,MEDIUM
M,299.1,310.5,1428,43.0,53,11.399999999999977,6430.211843367589,2279.0,0,0.017172261618095826,0,LOW
M,298.5,309.3,1498,34.6,46,10.800000000000011,5427.708683656062,1591.6000000000001,0,0.00485775220822463,0,LOW
L,299.4,309.0,1507,41.0,213,9.600000000000023,6470.319509578418,8733.0,0,0.4916864685198126,0,MEDIUM
L,301.0,311.0,1582,37.5,176,10.0,6212.499472473815,6600.0,0,0.21125216642702566,0,LOW
L,298.4,308.1,1491,50.0,156,9.700000000000045,7806.857744170636,7800.0,0,0.44321107631507717,0,MEDIUM
L,299.3,310.4,1365,53.9,171,11.099999999999966,7704.598903296288,9216.9,0,0.621086310790419,1,MEDIUM
L,301.7,310.6,1486,38.5,78,8.900000000000034,5991.121910150855,3003.0,0,0.10898891908056597,0,LOW
L,302.9,312.3,1578,36.3,141,9.400000000000034,5998.494180911278,5118.299999999999,0,0.1777690058010032,0,LOW
H,297.9,307.8,1635,34.0,142,9.900000000000034,5821.371187101887,4828.0,0,0.059284115996775924,0,LOW
L,301.4,310.9,1536,38.3,9,9.5,6160.5375299834395,344.7,0,0.017725955122623656,0,LOW
M,303.9,313.2,1570,40.7,74,9.300000000000011,6691.48763239114,3011.8,0,0.06342937351889032,0,LOW
L,300.4,311.2,1406,43.6,22,10.800000000000011,6419.488540443335,959.2,0,0.03142497223547585,0,LOW
M,301.5,310.5,1623,33.5,157,9.0,5693.665445733462,5259.5,0,0.16310834015441342,0,LOW
L,299.6,310.1,1553,38.0,83,10.5,6179.931628631602,3154.0,0,0.029618433601685923,0,LOW
L,298.3,307.7,1465,49.4,109,9.399999999999977,7578.673397764897,5384.599999999999,0,0.3597293836436426,0,MEDIUM
H,298.3,310.1,1509,37.6,85,11.800000000000011,5941.631353881304,3196.0,0,0.008153615420668128,0,LOW
M,300.8,311.2,1429,52.3,77,10.399999999999977,7826.4089224514755,4027.1,0,0.21634107801386018,0,LOW
M,298.5,309.3,1551,34.7,121,10.800000000000011,5635.985804613553,4198.700000000001,0,0.022525362514839428,0,LOW
L,303.9,313.2,1345,48.2,77,9.300000000000011,6788.877004652424,3711.4,0,0.49514854010288234,0,MEDIUM
L,302.0,309.9,1407,52.8,154,7.899999999999977,7779.588719937476,8131.2,0,0.9036275570605001,1,HIGH
L,299.3,309.0,1449,46.5,121,9.699999999999989,7055.860020329996,5626.5,0,0.3017424126519329,0,MEDIUM
M,302.3,311.0,1384,49.7,192,8.699999999999989,7203.127411954773,9542.400000000001,0,0.8213537439607586,1,HIGH
H,302.1,310.7,1294,62.4,101,8.599999999999966,8455.659458989998,6302.4,1,0.9739292768713569,1,HIGH
L,301.5,310.7,1408,47.3,79,9.199999999999989,6974.168139361148,3736.7,0,0.3486355523905821,0,MEDIUM
L,300.4,311.7,1373,47.2,3,11.300000000000011,6786.426562382623,141.60000000000002,0,0.040411651095518614,0,LOW
M,300.2,310.1,1550,38.7,45,9.900000000000034,6281.614510852792,1741.5000000000002,0,0.01644820279526337,0,LOW
L,299.2,308.6,1582,38.8,156,9.400000000000034,6427.866120852907,6052.799999999999,0,0.2109422907867265,0,LOW
L,297.3,308.2,1601,35.7,9,10.899999999999977,5985.330907692738,321.3,0,0.0031771808938123786,0,LOW
M,298.1,307.6,1764,27.7,23,9.5,5116.900450460911,637.1,0,0.004434942576333305,0,LOW
L,302.5,311.2,1227,60.1,167,8.699999999999989,7722.317485862534,10036.7,0,0.9920784759343414,1,HIGH
M,300.1,310.4,1556,38.1,92,10.299999999999955,6208.164074611862,3505.2000000000003,0,0.027626366997050646,0,LOW
L,298.9,310.1,1523,39.1,53,11.200000000000045,6235.988113547156,2072.3,0,0.012029128479406542,0,LOW
L,298.7,308.5,1467,40.7,106,9.800000000000011,6252.491946954014,4314.200000000001,0,0.11238936641823855,0,LOW
M,303.7,312.3,1756,26.4,190,8.600000000000023,4854.640295739235,5016.0,0,0.4126058917569585,0,MEDIUM
L,300.6,309.8,1418,42.7,147,9.199999999999989,6340.634564838232,6276.900000000001,0,0.41591771407028644,0,MEDIUM
M,300.0,311.5,1451,49.0,115,11.5,7445.46986925269,5635.0,0,0.09425900482446467,0,LOW
M,300.0,311.4,1537,35.4,120,11.399999999999977,5697.780932109664,4248.0,0,0.017298783161329163,0,LOW
L,297.5,308.3,1437,42.3,29,10.800000000000011,6365.40078692403,1226.6999999999998,0,0.020322501714533803,0,LOW
L,300.3,311.5,1552,38.9,23,11.199999999999989,6322.224831888195,894.6999999999999,0,0.0068178974280127275,0,LOW
H,303.3,311.8,1649,29.4,49,8.5,5076.876560054177,1440.6,0,0.02223552802458775,0,LOW
L,300.7,309.9,1815,27.0,190,9.199999999999989,5131.7915996389265,5130.0,0,0.39684721473251755,0,MEDIUM
L,298.9,309.6,1663,33.7,195,10.700000000000045,5868.819708146605,6571.500000000001,0,0.1442498167004908,0,LOW
L,295.6,306.2,1428,44.5,51,10.599999999999966,6654.5215588339,2269.5,0,0.04505121204547305,0,LOW
L,300.6,310.2,1447,45.9,17,9.599999999999966,6955.203391708979,780.3,0,0.08339265841405989,0,LOW
L,301.3,310.6,1510,38.5,47,9.300000000000011,6087.88296388142,1809.5,0,0.04472503029937335,0,LOW
M,301.8,311.3,1542,40.1,142,9.5,6475.262282020067,5694.2,0,0.15404264370118081,0,LOW
L,302.0,310.4,1336,58.2,110,8.399999999999977,8142.505503280168,6402.0,1,0.9484089041847567,1,HIGH
L,304.4,313.6,1507,43.1,13,9.200000000000045,6801.726118605606,560.3000000000001,0,0.06370812382826802,0,LOW
L,301.3,311.1,1624,40.9,0,9.800000000000011,6955.653686655992,0.0,0,0.01355907032695164,0,LOW
L,298.7,308.5,1616,30.2,34,9.800000000000011,5110.659153055779,1026.8,0,0.0069597701512150905,0,LOW
M,298.1,309.0,2042,17.8,129,10.899999999999977,3806.311771187345,2296.2000000000003,0,0.1077804955016421,0,LOW
L,300.1,311.4,1729,29.3,71,11.299999999999955,5305.071378435428,2080.3,0,0.006783625784416551,0,LOW
L,298.8,309.9,1739,30.6,83,11.099999999999966,5572.494217084503,2539.8,0,0.010045287307170398,0,LOW
L,297.4,308.4,2151,17.7,0,11.0,3986.96382074427,0.0,0,0.008128655221693886,0,LOW
L,298.9,310.2,1359,56.9,166,11.300000000000011,8097.6749761134415,9445.4,0,0.6839525407570846,1,MEDIUM
L,299.0,308.9,1615,30.6,14,9.899999999999977,5175.145578258466,428.40000000000003,0,0.004378535977706076,0,LOW
L,296.3,307.3,1567,31.4,5,11.0,5152.609886956715,157.0,0,0.001449095035605669,0,LOW
M,298.8,309.7,2098,19.0,133,10.899999999999977,4174.338878579878,2527.0,0,0.1464727057517763,0,LOW
L,303.0,312.6,1451,42.1,125,9.600000000000023,6397.026152970168,5262.5,0,0.25843891012686954,0,LOW
L,304.0,313.2,1314,47.1,144,9.199999999999989,6481.042812502671,6782.400000000001,0,0.7391832587776165,1,HIGH
L,297.9,307.9,1412,44.5,85,10.0,6579.961093188702,3782.5,0,0.13735360915579797,0,LOW
L,300.5,312.0,1498,42.9,25,11.5,6729.731286960839,1072.5,0,0.012393878461453789,0,LOW
M,301.4,310.0,1689,32.1,207,8.600000000000023,5677.580491347082,6644.700000000001,0,0.428488658992459,0,MEDIUM
L,297.2,308.3,1379,52.1,21,11.100000000000023,7523.685054351565,1094.1000000000001,0,0.12246126930967212,0,LOW
L,304.4,313.6,1568,39.1,0,9.200000000000045,6420.242522680197,0.0,0,0.023472053272788673,0,LOW
H,302.9,311.2,2102,17.8,91,8.300000000000011,3918.152469655142,1619.8,0,0.35536614415116247,0,MEDIUM
L,300.9,310.7,1359,46.0,151,9.800000000000011,6546.4507715504105,6946.0,0,0.5198345446806538,1,MEDIUM
L,301.9,309.7,1595,31.4,133,7.800000000000011,5244.67949565792,4176.2,0,0.2719618461673779,0,LOW
L,298.1,309.4,1397,48.2,63,11.299999999999955,7051.346598884339,3036.6000000000004,0,0.08602464590343435,0,LOW
H,298.0,307.9,1482,37.8,132,9.899999999999977,5866.358793901292,4989.599999999999,0,0.07786907875547242,0,LOW
L,297.4,308.3,1336,53.7,61,10.900000000000034,7512.930335500774,3275.7000000000003,0,0.3492776215594653,0,MEDIUM
M,300.7,310.6,1484,38.0,84,9.900000000000034,5905.356430707853,3192.0,0,0.03705785188621456,0,LOW
L,296.9,308.0,1713,29.3,13,11.100000000000023,5255.978757235332,380.90000000000003,0,0.0015911678286933187,0,LOW
L,298.2,307.9,1769,27.2,188,9.699999999999989,5038.779513141644,5113.599999999999,0,0.24723500438592136,0,LOW
M,299.9,311.3,1389,50.0,55,11.400000000000034,7272.786993060371,2750.0,0,0.07824557005132031,0,LOW
M,298.0,308.2,2090,19.0,143,10.199999999999989,4158.42147580169,2717.0,0,0.2530310086059654,0,LOW
L,301.0,310.8,1527,45.3,8,9.800000000000011,7243.790092867736,362.4,0,0.040341911128877,0,LOW
L,300.3,311.5,1466,46.2,62,11.199999999999989,7092.58523845046,2864.4,0,0.052203277403961405,0,LOW
L,301.8,310.3,1688,28.8,31,8.5,5090.888063289188,892.8000000000001,0,0.019504536839490366,0,LOW
M,299.9,310.5,1335,52.9,180,10.600000000000023,7395.466186183052,9522.0,0,0.6624315114061303,1,MEDIUM
M,299.8,309.7,1556,37.7,124,9.899999999999977,6142.986499025386,4674.8,0,0.06229871074354582,0,LOW
M,298.3,307.8,1457,52.5,98,9.5,8010.275868490575,5145.0,0,0.3241506492281136,0,MEDIUM
L,303.9,313.3,1526,40.7,164,9.400000000000034,6503.955494922853,6674.8,0,0.36325508418811486,0,MEDIUM
M,298.8,308.6,1507,42.3,207,9.800000000000011,6675.475981833343,8756.099999999999,0,0.3413281891423102,0,MEDIUM
L,297.5,308.9,1581,30.4,155,11.399999999999977,5033.082758463135,4712.0,0,0.03144907742529423,0,LOW
M,300.4,311.4,1604,31.7,119,11.0,5324.664444618315,3772.2999999999997,0,0.016633980496539493,0,LOW
L,300.8,309.7,1519,35.8,14,8.899999999999977,5694.681227358122,501.19999999999993,0,0.02015193261713213,0,LOW
L,302.2,311.2,1451,41.8,66,9.0,6351.44164356658,2758.7999999999997,0,0.14628223846388408,0,LOW
M,301.5,310.7,1744,28.2,61,9.199999999999989,5150.201332588963,1720.2,0,0.016646046915997373,0,LOW
L,301.9,310.4,1286,62.8,22,8.5,8457.25119926782,1381.6,1,0.9732597845682115,1,HIGH
L,299.5,310.7,1472,40.9,104,11.199999999999989,6304.631913028092,4253.599999999999,0,0.04581825341297345,0,LOW
H,299.3,308.7,1408,44.4,82,9.399999999999977,6546.576435256554,3640.7999999999997,0,0.14960837752276895,0,LOW
L,299.9,310.9,1292,51.1,173,11.0,6913.723896706081,8840.300000000001,0,0.6813802337014758,1,MEDIUM
L,298.7,309.9,1372,54.7,44,11.199999999999989,7859.0500701222745,2406.8,0,0.25734452622581544,0,LOW
L,303.5,312.0,1761,25.8,105,8.5,4757.8164101555985,2709.0,0,0.12282070702707266,0,LOW
L,299.6,311.1,1521,37.2,131,11.5,5925.169408376493,4873.200000000001,0,0.03604435367511503,0,LOW
L,303.2,312.5,1518,39.9,146,9.300000000000011,6342.687072038576,5825.4,0,0.2857326418193495,0,LOW
L,303.0,311.2,1800,23.7,61,8.199999999999989,4467.344753404685,1445.7,0,0.056957836587997704,0,LOW
H,302.3,311.7,1456,45.4,130,9.399999999999977,6922.227140821798,5902.0,0,0.30187019507684554,0,MEDIUM
L,300.7,310.5,1357,52.6,199,9.800000000000011,7474.707624882099,10467.4,0,0.8512383729656517,1,HIGH
M,301.9,310.9,1573,38.9,209,9.0,6407.770399845444,8130.099999999999,0,0.43923208382731777,0,MEDIUM
L,301.6,310.6,1834,23.5,146,9.0,4513.316725902217,3431.0,0,0.24538566237165355,0,LOW
H,299.4,309.3,1439,49.7,9,9.900000000000034,7489.378862574364,447.3,0,0.08136952248464421,0,LOW
L,298.7,310.2,1402,45.9,30,11.5,6738.9047375093205,1377.0,0,0.03117606264565107,0,LOW
L,300.6,309.6,1423,49.1,74,9.0,7316.695986382045,3633.4,0,0.400358703446461,0,MEDIUM
M,298.9,310.4,1533,44.4,24,11.5,7127.771076170666,1065.6,0,0.007750436956582172,0,LOW
L,299.1,308.3,1533,42.4,48,9.199999999999989,6806.700306973788,2035.1999999999998,0,0.06631172302377124,0,LOW
L,302.4,310.2,1642,28.3,88,7.800000000000011,4866.1804127534215,2490.4,0,0.10446875737527371,0,LOW
L,302.4,310.9,1349,46.1,148,8.5,6512.40637916101,6822.8,1,0.7555971660875737,1,HIGH
L,302.0,310.4,1895,23.2,161,8.399999999999977,4603.8993140807215,3735.2,0,0.4962036694107033,0,MEDIUM
H,302.3,311.9,1374,52.4,154,9.599999999999966,7539.571041203215,8069.599999999999,0,0.7066729067107763,1,HIGH
L,300.8,310.2,1520,37.7,193,9.399999999999977,6000.860847376984,7276.1,0,0.3910819377133841,0,MEDIUM
M,304.1,313.5,1428,39.9,88,9.399999999999977,5966.638431403878,3511.2,0,0.10150554911689597,0,LOW
L,302.0,310.4,1357,58.0,108,8.399999999999977,8242.073046447942,6264.0,1,0.9332773011184213,1,HIGH
L,302.2,311.7,1412,44.5,204,9.5,6579.961093188702,9078.0,0,0.6826714351607129,1,MEDIUM
L,297.2,308.5,1518,44.3,163,11.300000000000011,7042.131260433807,7220.9,0,0.1149827919142633,0,LOW
L,300.5,310.6,1543,36.2,30,10.100000000000023,5849.289473816788,1086.0,0,0.012088042701441395,0,LOW
M,303.9,313.1,1473,42.8,97,9.200000000000045,6601.994129665877,4151.599999999999,0,0.16616988408492903,0,LOW
L,303.9,313.1,1491,37.2,195,9.200000000000045,5808.302161662953,7254.000000000001,0,0.48969214636035596,0,MEDIUM
H,298.2,309.0,1371,55.7,23,10.800000000000011,7996.892683786282,1281.1000000000001,0,0.22999636789522548,0,LOW
M,302.3,311.2,1507,47.7,70,8.899999999999977,7527.664405046112,3339.0,0,0.19074279325085922,0,LOW
L,299.3,308.6,1744,26.4,33,9.300000000000011,4821.465077317327,871.1999999999999,0,0.009586850159902,0,LOW
H,299.9,310.3,1535,43.9,154,10.400000000000034,7056.697778370953,6760.599999999999,0,0.13544354970837913,0,LOW
H,303.6,312.2,1371,54.6,112,8.599999999999966,7838.964821090324,6115.2,1,0.823710241230254,1,HIGH
M,301.3,311.2,1438,42.4,7,9.899999999999977,6384.8891333517995,296.8,0,0.022413310610765805,0,LOW
M,299.0,310.3,1303,68.6,111,11.300000000000011,9360.459087174882,7614.599999999999,1,0.9341438796413997,1,HIGH
H,300.7,309.6,1925,20.5,9,8.900000000000034,4132.503336409573,184.5,0,0.009306776171134375,0,LOW
M,298.8,309.2,1452,48.6,98,10.399999999999977,7389.779903480055,4762.8,0,0.13373465336802878,0,LOW
L,299.2,310.3,1610,33.3,233,11.100000000000023,5614.340231230318,7758.9,0,0.22665610988055412,0,LOW
L,303.4,312.7,1534,35.5,98,9.300000000000011,5702.723704551312,3479.0,0,0.08885650697996324,0,LOW
L,297.5,308.9,1469,44.0,185,11.399999999999977,6768.666091914329,8140.0,0,0.17771762178245978,0,LOW
H,303.1,311.3,2056,19.7,167,8.199999999999989,4241.485185562603,3289.9,0,0.7539199566494909,1,HIGH
M,299.7,310.6,1572,38.0,139,10.900000000000034,6255.539291827996,5282.0,0,0.04130980467758764,0,LOW
L,302.4,311.8,1451,42.0,110,9.400000000000034,6381.8313165023055,4620.0,0,0.2263366310482264,0,LOW
M,298.7,309.6,1800,24.8,78,10.900000000000034,4674.689868541612,1934.4,0,0.006737136143956258,0,LOW
L,302.8,312.1,1487,36.6,84,9.300000000000011,5699.288896583387,3074.4,0,0.07872950534101764,0,LOW
L,299.6,311.0,1552,33.2,139,11.399999999999977,5395.831990197637,4614.8,0,0.030819195877999493,0,LOW
M,295.8,306.5,1641,32.2,101,10.699999999999989,5533.412804473846,3252.2000000000003,0,0.010765635400215294,0,LOW
M,299.1,310.1,1570,30.9,226,11.0,5080.269480120054,6983.4,0,0.13835289416716579,0,LOW
L,297.2,308.6,1578,34.4,76,11.400000000000034,5684.523411111515,2614.4,0,0.007777190056216089,0,LOW
H,300.9,310.4,1457,43.8,69,9.5,6682.858724569279,3022.2,0,0.09643089213994477,0,LOW
L,301.5,311.1,1469,49.5,107,9.600000000000023,7614.749353403619,5296.5,0,0.36663758298899096,0,MEDIUM
L,301.4,311.1,1462,37.1,41,9.700000000000045,5680.02046164137,1521.1000000000001,0,0.027043756163241648,0,LOW
H,300.9,311.9,1513,38.0,38,11.0,6020.757600849719,1444.0,0,0.007194320552346356,0,LOW
L,302.2,311.5,1424,45.2,39,9.300000000000011,6740.266094325877,1762.8000000000002,0,0.14988617888493383,0,LOW
L,300.8,310.4,1368,46.8,21,9.599999999999966,6704.410050172904,982.8,0,0.15295800632952564,0,LOW
L,301.5,310.5,1466,48.1,189,9.0,7384.2716443607615,9090.9,0,0.7164877973658011,1,HIGH
M,302.1,310.7,1376,46.3,210,8.599999999999966,6671.56993496738,9723.0,1,0.8124930644445391,1,HIGH
H,298.8,309.6,1309,57.4,185,10.800000000000011,7868.286352523827,10619.0,0,0.8212180252098544,1,HIGH
L,300.2,311.5,1383,42.1,60,11.300000000000011,6097.234438013606,2526.0,0,0.03409646542232279,0,LOW
M,298.7,309.6,1452,42.7,180,10.900000000000034,6492.666705320954,7686.000000000001,0,0.15851713274699605,0,LOW
L,302.6,310.4,1478,47.7,189,7.7999999999999545,7382.805567789086,9015.300000000001,0,0.8513411123934679,1,HIGH
M,300.8,310.6,1545,37.5,155,9.800000000000011,6067.200812245288,5812.5,0,0.12326126082270492,0,LOW
L,297.1,308.3,1763,25.7,139,11.199999999999989,4744.757856692177,3572.2999999999997,0,0.0303986385024183,0,LOW
H,300.0,311.4,1641,34.5,155,11.399999999999977,5928.656576221978,5347.5,0,0.03235422152217936,0,LOW
M,300.7,309.5,1622,30.5,14,8.800000000000011,5180.591005524689,427.0,0,0.006965674047595789,0,LOW
L,297.4,308.5,1501,44.9,20,11.100000000000023,7057.577424313958,898.0,0,0.016663903933627197,0,LOW
L,300.2,311.0,1627,33.7,147,10.800000000000011,5741.773701235433,4953.900000000001,0,0.05820562004718599,0,LOW
L,302.4,311.9,1452,43.1,137,9.5,6553.4879390944525,5904.7,0,0.3342945824907197,0,MEDIUM
M,303.9,313.1,1514,41.1,121,9.200000000000045,6516.228650222877,4973.1,0,0.17543897029643862,0,LOW
L,297.3,308.4,1472,41.3,67,11.099999999999966,6366.290904842548,2767.1,0,0.02361606355607915,0,LOW
L,298.9,310.0,1470,45.9,109,11.100000000000023,7065.756037188803,5003.099999999999,0,0.0957347970651782,0,LOW
M,302.3,311.2,1546,40.0,71,8.899999999999977,6475.86965659976,2840.0,0,0.0706238562610276,0,LOW
L,297.2,308.7,1463,49.9,146,11.5,7644.929586829106,7285.4,0,0.1753221005902839,0,LOW
L,301.5,310.6,1481,46.8,20,9.100000000000023,7258.210003147715,936.0,0,0.12347323527718158,0,LOW
L,299.2,310.2,1609,33.2,156,11.0,5594.003654786082,5179.200000000001,0,0.05606951927309546,0,LOW
L,300.0,309.6,1571,33.1,65,9.600000000000023,5445.43773819782,2151.5,0,0.02296240169020414,0,LOW
M,298.9,309.9,1449,44.1,112,11.0,6691.686599925867,4939.2,0,0.06326136421244889,0,LOW
L,299.2,310.6,1675,33.3,28,11.400000000000034,5841.006141186822,932.3999999999999,0,0.002813646837547161,0,LOW
L,302.3,310.9,1529,33.4,62,8.599999999999966,5347.891286303857,2070.7999999999997,0,0.05162662420189875,0,LOW
L,300.9,310.9,1228,66.4,109,10.0,8538.765056652963,7237.6,0,0.9910566496856441,1,HIGH
M,300.3,311.7,1374,47.9,222,11.399999999999977,6892.0887952983585,10633.8,1,0.4355913100410887,0,MEDIUM
L,297.4,308.7,1545,36.9,125,11.300000000000011,5970.125599249363,4612.5,0,0.029936782561549864,0,LOW
M,300.2,310.4,1202,61.7,74,10.199999999999989,7766.373086841376,4565.8,0,0.9527858394921771,1,HIGH
L,298.1,308.7,1556,31.6,145,10.599999999999966,5149.028471331623,4582.0,0,0.048443035259889765,0,LOW
M,300.6,309.4,1452,39.4,78,8.799999999999955,5990.891526689591,3073.2,0,0.08973554925518808,0,LOW
L,299.9,309.4,1858,22.5,22,9.5,4377.809362777377,495.0,0,0.008636701147851982,0,LOW
M,298.2,309.0,1694,28.0,5,10.800000000000011,4967.067424835702,140.0,0,0.0010073637083132874,0,LOW
L,302.6,311.9,1598,35.5,69,9.299999999999955,5940.646988183179,2449.5,0,0.04564320971943046,0,LOW
H,301.4,310.7,1516,36.4,83,9.300000000000011,5778.687414915114,3021.2,0,0.04679905998215374,0,LOW
L,298.1,307.7,1767,27.0,127,9.599999999999966,4996.074797003847,3429.0,0,0.07302875910288921,0,LOW
L,297.6,308.3,1658,34.3,59,10.699999999999989,5955.349641801979,2023.6999999999998,0,0.008744883874149593,0,LOW
L,298.8,309.9,1568,33.7,13,11.099999999999966,5533.559412131014,438.1,0,0.002609400682950099,0,LOW
H,300.3,309.5,1438,44.0,59,9.199999999999989,6625.828345931112,2596.0,0,0.10769609588252912,0,LOW
L,300.6,310.5,1570,38.3,14,9.899999999999977,6296.903595100261,536.1999999999999,0,0.013005121090616995,0,LOW
H,300.7,310.8,1296,58.2,204,10.100000000000023,7898.717913361601,11872.800000000001,0,0.9315174371197837,1,HIGH
L,300.0,311.3,1407,47.3,208,11.300000000000011,6969.214894943988,9838.4,0,0.43581732352712627,0,MEDIUM
L,296.6,307.5,1582,37.9,197,10.899999999999977,6278.766133513536,7466.299999999999,0,0.13916406404014803,0,LOW
H,303.7,312.6,1711,27.6,170,8.900000000000034,4945.243827868766,4692.0,0,0.2445826084552164,0,LOW
M,299.5,310.9,1577,34.6,159,11.399999999999977,5713.94966230014,5501.400000000001,0,0.03362337064457559,0,LOW
L,297.9,309.1,1521,36.1,15,11.200000000000045,5749.96278608579,541.5,0,0.003493689826130867,0,LOW
L,298.5,309.4,1517,40.2,45,10.899999999999977,6386.16671436426,1809.0000000000002,0,0.014754567228425412,0,LOW
L,296.8,307.7,1565,40.1,89,10.899999999999977,6571.845312166928,3568.9,0,0.025230796212367634,0,LOW
L,298.9,308.3,1855,23.8,33,9.400000000000034,4623.272468777859,785.4,0,0.011554389834125336,0,LOW
L,297.5,309.4,1803,24.7,98,11.899999999999977,4663.60004647444,2420.6,0,0.007847747318993127,0,LOW
L,300.2,309.4,1526,35.3,46,9.199999999999989,5641.022824834808,1623.8,0,0.027632284997883175,0,LOW
H,300.6,309.7,1470,43.8,18,9.099999999999966,6742.486153134413,788.4,0,0.05287320004814508,0,LOW
H,298.9,309.3,1375,42.7,58,10.400000000000034,6148.358622463024,2476.6000000000004,0,0.045134130224836616,0,LOW
L,301.2,310.4,1515,38.4,51,9.199999999999989,6092.176473841327,1958.3999999999999,0,0.04996702340557257,0,LOW
M,302.3,311.4,1571,32.7,17,9.099999999999966,5379.631844080626,555.9000000000001,0,0.00848396222784205,0,LOW
M,299.5,308.9,1448,42.9,74,9.399999999999977,6505.107412229168,3174.6,0,0.08854563665293089,0,LOW
L,302.7,312.2,1572,34.4,228,9.5,5662.909253654817,7843.2,0,0.5204327088636462,1,MEDIUM
H,299.5,309.2,1872,22.6,162,9.699999999999989,4430.39962379847,3661.2000000000003,0,0.17990768243139352,0,LOW
L,299.4,308.9,1440,42.5,87,9.5,6408.849013323178,3697.5,0,0.14324035027805704,0,LOW
L,298.6,309.7,1925,22.1,7,11.099999999999966,4455.040182178125,154.70000000000002,0,0.0023034814701540273,0,LOW
M,303.9,312.9,1430,53.5,189,9.0,8011.5848654295705,10111.5,0,0.8160420919922264,1,HIGH
L,300.8,310.7,1339,59.1,203,9.899999999999977,8286.987349418765,11997.300000000001,1,0.9431186574760642,1,HIGH
L,300.4,311.4,1552,28.8,135,11.0,4680.7217264365045,3888.0,0,0.027170738918324725,0,LOW
L,298.7,309.9,1483,32.8,142,11.199999999999989,5093.820216432538,4657.599999999999,0,0.034077897499621194,0,LOW
L,300.5,311.5,1499,37.6,73,11.0,5902.256725956312,2744.8,0,0.019330633675169198,0,LOW
L,297.7,308.9,1516,33.7,92,11.199999999999989,5350.048513259322,3100.4,0,0.01227003649732466,0,LOW
M,297.2,308.2,1405,42.5,204,11.0,6253.078377582684,8670.0,0,0.22025544743351985,0,LOW
L,301.6,310.5,1809,25.5,40,8.899999999999977,4830.669943792345,1020.0,0,0.02050561731275962,0,LOW
L,299.3,310.8,1391,46.9,21,11.5,6831.696912520852,984.9,0,0.036423119354335766,0,LOW
L,301.3,310.4,1459,44.7,92,9.099999999999966,6829.539685565387,4112.400000000001,0,0.26037623493497897,0,LOW
L,302.7,312.4,1423,51.9,60,9.699999999999989,7733.941378680816,3114.0,0,0.3833682752317326,0,MEDIUM
L,301.7,310.8,1493,47.6,145,9.100000000000023,7442.097893137837,6902.0,0,0.4993780462579565,0,MEDIUM
L,300.9,309.7,1431,41.4,199,8.800000000000011,6203.954340456052,8238.6,0,0.6623314668481438,1,MEDIUM
L,299.1,310.6,1921,23.9,158,11.5,4807.8829250783065,3776.2,0,0.07985193672243804,0,LOW
H,300.7,309.5,1667,30.5,29,8.800000000000011,5324.318869426421,884.5,0,0.010830470611803564,0,LOW
L,298.1,308.0,1652,28.5,63,9.899999999999977,4930.415510543821,1795.5,0,0.011045044613149058,0,LOW
M,302.3,311.7,1540,28.9,149,9.399999999999977,4660.657421355578,4306.099999999999,0,0.08171014276572623,0,LOW
M,300.4,309.8,1517,40.3,149,9.400000000000034,6402.052701215912,6004.7,0,0.1815724458685221,0,LOW
M,301.5,310.4,1486,39.6,144,8.899999999999977,6162.2968218694505,5702.400000000001,0,0.23993445567285174,0,LOW
L,302.0,310.8,1447,42.7,229,8.800000000000011,6470.309037602906,9778.300000000001,0,0.792915756442452,1,HIGH
L,298.0,308.3,1405,56.2,218,10.300000000000011,8268.776584003455,12251.6,1,0.811299437719493,1,HIGH
L,300.9,310.8,1517,44.3,4,9.900000000000034,7037.492175282006,177.2,0,0.031596493745549854,0,LOW
M,297.8,309.0,1434,43.3,96,11.199999999999989,6502.2799788409375,4156.799999999999,0,0.03795717732996208,0,LOW
L,300.3,311.8,1547,39.7,121,11.5,6431.458008453513,4803.700000000001,0,0.0375895181490912,0,LOW
L,296.9,307.6,1514,35.7,100,10.700000000000045,5660.081820266587,3570.0000000000005,0,0.024680832781884696,0,LOW
L,300.8,311.3,1782,26.9,116,10.5,5019.8252374649865,3120.3999999999996,0,0.03794233574819516,0,LOW
L,297.0,308.1,1355,43.7,217,11.100000000000023,6200.823219777974,9482.900000000001,0,0.4142816966882004,0,MEDIUM
L,302.6,311.6,1311,53.2,0,9.0,7303.700264771694,0.0,0,0.6036908668518125,1,MEDIUM
H,300.8,311.7,1468,38.7,39,10.899999999999977,5949.296839956063,1509.3000000000002,0,0.009589980075554005,0,LOW
M,303.4,311.4,1606,29.6,122,8.0,4978.125830976339,3611.2000000000003,0,0.13944565225741568,0,LOW
M,302.5,312.0,1445,54.8,0,9.5,8292.338528905379,0.0,0,0.23698558897002237,0,LOW
M,299.5,310.8,1754,31.3,114,11.300000000000011,5749.135500020346,3568.2000000000003,0,0.012358280849139357,0,LOW
L,298.1,308.6,1439,44.9,205,10.5,6766.058570011849,9204.5,0,0.4278155721239465,0,MEDIUM
M,301.0,310.7,1517,40.2,171,9.699999999999989,6386.16671436426,6874.200000000001,0,0.2169674833219946,0,LOW
L,298.5,309.7,1613,36.7,0,11.199999999999989,6199.1058157940115,0.0,0,0.0025843388069857463,0,LOW
H,300.1,311.5,1383,49.1,33,11.399999999999977,7111.026387327032,1620.3,0,0.05479124665626799,0,LOW
L,298.2,308.2,1407,47.1,153,10.0,6939.746755853316,7206.3,0,0.42197095118857864,0,MEDIUM
L,297.3,309.0,1548,37.4,171,11.699999999999989,6062.771166603726,6395.4,0,0.05617112455118087,0,LOW
M,300.3,311.6,1359,54.1,81,11.300000000000011,7699.195363932115,4382.1,0,0.2662567619648449,0,LOW
L,295.9,306.4,1575,28.5,74,10.5,4700.608007933728,2109.0,0,0.006994001651006859,0,LOW
L,299.0,310.2,1412,44.1,246,11.199999999999989,6520.815375497118,10848.6,0,0.49846116553778363,0,MEDIUM
M,299.4,309.3,1485,47.1,209,9.900000000000034,7324.466192211923,9843.9,0,0.45420863723761695,0,MEDIUM
L,302.5,312.0,1574,33.8,63,9.5,5571.216636072043,2129.3999999999996,0,0.02995114198484981,0,LOW
L,301.3,310.7,1594,34.1,172,9.399999999999977,5692.084177431155,5865.2,0,0.24076410393207667,0,LOW
L,303.6,312.6,1699,27.9,160,9.0,4963.936304157624,4464.0,0,0.2503658676296362,0,LOW
L,300.2,309.4,1527,37.0,194,9.199999999999989,5916.561444505657,7178.0,0,0.405394386446084,0,MEDIUM
M,299.4,309.2,1470,44.4,135,9.800000000000011,6834.8489771499535,5994.0,0,0.18512206490739805,0,LOW
M,297.9,307.8,1303,59.3,75,9.900000000000034,8091.475566610358,4447.5,0,0.7962693089280098,1,HIGH
M,299.4,309.4,1326,47.5,35,10.0,6595.77377621177,1662.5,0,0.12927679075782078,0,LOW
L,300.8,311.7,1426,45.5,16,10.899999999999977,6794.531871428884,728.0,0,0.03580868785871285,0,LOW
L,299.5,310.8,1873,22.3,211,11.300000000000011,4373.924259862437,4705.3,0,0.27737285822946717,0,LOW
L,302.2,311.1,1630,34.6,94,8.900000000000034,5905.984749238572,3252.4,0,0.085925212731731,0,LOW
H,297.4,308.7,1323,51.1,130,11.300000000000011,7079.610460791135,6643.0,0,0.3094299345052038,0,MEDIUM
L,297.8,308.9,1530,37.6,106,11.099999999999966,6024.318072523787,3985.6000000000004,0,0.02690560282358089,0,LOW
L,300.0,309.3,1395,56.5,122,9.300000000000011,8253.749299143783,6893.0,0,0.799141004856221,1,HIGH
L,300.4,310.1,1503,42.2,196,9.700000000000045,6642.018020072613,8271.2,0,0.4410816752993751,0,MEDIUM
L,303.5,312.9,1275,64.4,113,9.399999999999977,8598.539092875264,7277.200000000001,0,0.986193755053646,1,HIGH
L,299.8,311.1,1588,38.0,183,11.300000000000011,6319.208902940749,6954.0,0,0.10223874935267796,0,LOW
M,301.2,311.6,1423,48.0,199,10.400000000000034,7152.778153693241,9552.0,0,0.47106415955826186,0,MEDIUM
L,298.2,307.9,1544,31.4,192,9.699999999999989,5076.981279809297,6028.799999999999,0,0.21436818073147665,0,LOW
L,298.4,309.6,1710,27.3,163,11.200000000000045,4888.632328251077,4449.900000000001,1,0.05105035934672331,0,LOW
L,298.2,307.8,1355,59.4,115,9.600000000000023,8428.578930316056,6831.0,0,0.8663217370519027,1,HIGH
L,297.5,308.9,1696,30.9,133,11.399999999999977,5487.9853747029365,4109.7,0,0.022159695232181958,0,LOW
M,301.5,310.6,1447,41.9,140,9.100000000000023,6349.085449076388,5866.0,0,0.27435271249077675,0,LOW
H,300.3,311.8,2141,18.5,204,11.5,4147.792420657044,3774.0,0,0.5756915573415845,1,MEDIUM
M,298.0,307.5,1387,45.5,166,9.5,6608.706665969048,7553.0,0,0.4230599112839823,0,MEDIUM
M,296.9,307.8,1392,43.9,0,10.900000000000034,6399.298571656264,0.0,0,0.012037898237690688,0,LOW
L,301.8,310.7,1523,43.3,60,8.899999999999977,6905.8384991455705,2598.0,0,0.13203539729381897,0,LOW
L,298.2,309.1,1539,36.5,134,10.900000000000034,5882.475164214208,4891.0,0,0.04797742938768299,0,LOW
L,298.4,309.7,1419,41.3,159,11.300000000000011,6137.069832861124,6566.7,0,0.12310480795350737,0,LOW
H,303.9,313.2,1680,29.1,201,9.300000000000011,5119.539388289927,5849.1,0,0.32857577006305727,0,MEDIUM
L,303.5,312.2,1511,37.1,27,8.699999999999989,5870.390504473399,1001.7,0,0.043640976465667766,0,LOW
L,297.7,308.2,1500,39.9,158,10.5,6267.477343911637,6304.2,0,0.13388403643291497,0,LOW
L,297.3,308.3,1471,38.2,37,11.0,5884.433423634946,1413.4,0,0.009042731355030234,0,LOW
L,301.1,309.8,1519,39.6,167,8.699999999999989,6299.144597859822,6613.2,0,0.43346395466145554,0,MEDIUM
L,304.2,313.3,1668,35.7,180,9.100000000000023,6235.810089963453,6426.000000000001,0,0.3611616143965823,0,MEDIUM
H,295.6,306.2,1632,32.2,76,10.599999999999966,5503.065019440169,2447.2000000000003,0,0.006927566840413548,0,LOW
L,297.5,308.4,1723,27.3,67,10.899999999999977,4925.797369343044,1829.1000000000001,0,0.006222222835748425,0,LOW
L,301.1,311.3,1630,29.5,51,10.199999999999989,5035.44942492884,1504.5,0,0.00864501805668729,0,LOW
L,299.8,309.0,1614,30.8,100,9.199999999999989,5205.744690704431,3080.0,0,0.05230058555986726,0,LOW
L,300.2,310.4,1808,25.8,35,10.199999999999989,4884.799585213697,903.0,0,0.006642180436082152,0,LOW
L,299.1,308.2,1319,60.3,36,9.099999999999966,8328.959027270723,2170.7999999999997,0,0.8926899710949507,1,HIGH
L,299.8,309.8,1542,39.4,155,10.0,6362.227778343905,6107.0,0,0.1702954460063649,0,LOW
M,300.2,309.6,1528,35.1,44,9.400000000000034,5616.413682381689,1544.4,0,0.014755879406075688,0,LOW
L,302.0,309.7,1551,34.8,207,7.699999999999989,5652.227838632612,7203.599999999999,0,0.7125626201479045,1,HIGH
L,303.6,313.0,1593,31.6,52,9.399999999999977,5271.466809017529,1643.2,0,0.0216645099588237,0,LOW
M,303.5,312.3,1624,34.8,121,8.800000000000011,5918.2579045385955,4210.799999999999,0,0.11403708853196562,0,LOW
L,300.3,309.9,1518,36.4,0,9.599999999999966,5786.311013087824,0.0,0,0.00991107856489155,0,LOW
L,300.4,311.8,1367,57.2,10,11.400000000000034,8188.288980218485,572.0,0,0.2901822614936903,0,LOW
L,298.7,308.5,1444,54.2,62,9.800000000000011,8195.870690489148,3360.4,0,0.36081980346020215,0,MEDIUM
L,302.3,311.6,1784,26.4,79,9.300000000000011,4932.049138723688,2085.6,0,0.039644494587101856,0,LOW
L,295.5,306.1,1488,40.7,31,10.600000000000023,6341.995921654788,1261.7,0,0.01363106155595058,0,LOW
M,303.0,311.2,1592,38.9,188,8.199999999999989,6485.168770854385,7313.2,0,0.48877192828151395,0,MEDIUM
L,299.8,309.2,1491,47.5,216,9.399999999999977,7416.514856962104,10260.0,0,0.6745936151322093,1,MEDIUM
L,300.3,311.1,1480,46.6,185,10.800000000000011,7222.312071092695,8621.0,0,0.3268535780283989,0,MEDIUM
L,301.4,310.8,1389,52.7,125,9.400000000000034,7665.517490685631,6587.5,0,0.7091845777088951,1,HIGH
L,300.8,309.4,1489,38.4,109,8.599999999999966,5987.6242703298585,4185.599999999999,0,0.20242928463478158,0,LOW
M,298.0,308.1,1339,51.6,197,10.100000000000023,7235.339208629582,10165.2,0,0.7099463341754876,1,HIGH
L,301.7,311.0,1474,42.6,164,9.300000000000011,6575.604751375724,6986.400000000001,0,0.4318037078546229,0,MEDIUM
H,298.8,310.0,1530,38.3,53,11.199999999999989,6136.472930256942,2029.8999999999999,0,0.007297358382835792,0,LOW
L,302.3,311.7,1281,48.8,0,9.399999999999977,6546.325107844266,0.0,0,0.3139571658551885,0,MEDIUM
L,300.9,312.7,1416,43.8,112,11.800000000000011,6494.802988325394,4905.599999999999,0,0.06905536628862738,0,LOW
H,300.9,311.0,1853,23.6,122,10.100000000000023,4579.478667186818,2879.2000000000003,0,0.0530699388830778,0,LOW
L,300.0,310.1,1762,28.0,202,10.100000000000023,5166.453838583534,5656.0,0,0.27323753274039864,0,LOW
L,297.5,308.4,1433,50.0,218,10.899999999999977,7503.170454323622,10900.0,0,0.5309593707690327,1,MEDIUM
L,300.9,311.0,2003,20.2,138,10.100000000000023,4237.024123994506,2787.6,0,0.23889384857754165,0,LOW
M,300.7,309.5,1733,26.7,108,8.800000000000011,4845.498261117289,2883.6,0,0.05829181381733134,0,LOW
M,299.2,308.9,1447,39.6,22,9.699999999999989,6000.567632062649,871.2,0,0.017031250756223176,0,LOW
M,300.2,309.6,1491,41.8,41,9.400000000000034,6526.533074126651,1713.8,0,0.03933577128669271,0,LOW
L,297.5,308.4,1441,44.5,4,10.899999999999977,6715.1019371706225,178.0,0,0.018431316754422236,0,LOW
M,301.4,310.6,1855,25.3,178,9.200000000000045,4914.655187398313,4503.400000000001,0,0.29053215770649815,0,LOW
L,301.5,311.1,2055,16.8,105,9.600000000000023,3615.3448257511336,1764.0,0,0.26287122957571424,0,LOW
L,297.6,308.7,1455,48.2,145,11.099999999999966,7344.101146296859,6989.0,0,0.19734753061449026,0,LOW
H,300.4,310.2,1431,43.2,0,9.800000000000011,6473.691485693272,0.0,0,0.025387878441067577,0,LOW
M,301.8,309.5,1732,30.1,220,7.699999999999989,5459.375937604247,6622.0,0,0.6768392098412769,1,MEDIUM
M,300.7,311.7,1532,40.0,0,11.0,6417.22659373275,0.0,0,0.0042491772385715235,0,LOW
M,300.8,310.7,1452,43.0,139,9.899999999999977,6538.282630651077,5977.0,0,0.18442038520281462,0,LOW
M,302.3,311.5,1530,42.3,21,9.199999999999989,6777.35783158926,888.3,0,0.03450954323847926,0,LOW
L,299.3,309.0,1473,46.3,146,9.699999999999989,7141.876827185283,6759.799999999999,0,0.3531220394816081,0,MEDIUM
M,302.5,311.9,1532,38.8,96,9.399999999999977,6224.709795920768,3724.7999999999997,0,0.07222197316525851,0,LOW
M,297.5,308.6,1440,38.8,29,11.100000000000023,5850.90215804563,1125.1999999999998,0,0.005691852398016667,0,LOW
L,302.3,310.1,1388,49.9,48,7.800000000000011,7253.015903293779,2395.2,0,0.6405246717371048,1,MEDIUM
L,298.3,309.4,1468,46.2,10,11.099999999999966,7102.261343823518,462.0,0,0.0221381790250464,0,LOW
L,300.6,309.5,1516,39.0,142,8.899999999999977,6191.450801694764,5538.0,0,0.27637983751975376,0,LOW
M,298.0,308.2,1395,49.1,206,10.199999999999989,7172.727267043536,10114.6,0,0.5545120505635847,1,MEDIUM
L,299.3,309.2,2280,15.4,207,9.899999999999977,3676.920041761494,3187.8,0,0.9689652841061354,1,HIGH
M,301.4,310.6,1431,40.6,101,9.200000000000045,6084.071164795065,4100.6,0,0.13247400862475903,0,LOW
L,300.2,309.5,1343,50.2,98,9.300000000000011,7060.059282510295,4919.6,0,0.6071245609876713,1,MEDIUM
H,298.5,309.4,1573,33.6,143,10.899999999999977,5534.732273388354,4804.8,0,0.03156316297735357,0,LOW
L,298.9,310.1,1750,25.0,156,11.200000000000045,4581.4892864851145,3900.0,0,0.049610293836847716,0,LOW
L,299.7,309.3,1445,42.6,0,9.600000000000023,6446.233965900896,0.0,0,0.03383858936451396,0,LOW
L,302.3,311.5,1384,50.8,13,9.199999999999989,7362.552767148943,660.4,0,0.33363889404933444,0,MEDIUM
L,296.2,306.8,1389,53.3,132,10.600000000000023,7752.790934602355,7035.599999999999,0,0.4675364056396205,0,MEDIUM
L,301.3,310.3,1313,55.6,127,9.0,7644.8353390494985,7061.2,0,0.9134362768257375,1,HIGH
H,298.3,309.5,1427,54.3,89,11.199999999999989,8114.325417177468,4832.7,0,0.1850709760544254,0,LOW
L,300.6,310.2,1378,47.3,71,9.599999999999966,6825.570806846351,3358.2999999999997,0,0.28560701272343775,0,LOW
L,301.9,310.8,1465,44.3,57,8.900000000000034,6796.259747388358,2525.1,0,0.17855057110395328,0,LOW
L,302.3,310.9,1587,36.6,20,8.599999999999966,6082.563200321342,732.0,0,0.031628921555360144,0,LOW
M,297.8,307.6,1352,49.4,102,9.800000000000011,6994.106780735932,5038.8,0,0.33974237944595476,0,MEDIUM
M,298.8,309.1,1368,49.1,117,10.300000000000011,7033.900287681403,5744.7,0,0.2892361260481982,0,LOW
L,303.5,312.7,1694,27.3,40,9.199999999999989,4842.89073921481,1092.0,0,0.014971058789655833,0,LOW
L,298.6,310.1,1439,49.9,17,11.5,7519.5172080978,848.3,0,0.04336031373288883,0,LOW
L,300.6,310.2,1519,44.6,69,9.599999999999966,7094.491137993639,3077.4,0,0.10689997996027603,0,LOW
L,301.4,311.0,1533,45.8,125,9.600000000000023,7352.520614608479,5725.0,0,0.2503172801450923,0,LOW
M,298.0,308.7,1392,53.4,104,10.699999999999989,7784.112613358646,5553.599999999999,0,0.29641960203261425,0,LOW
L,300.2,310.2,1378,43.9,193,10.0,6334.937810159721,8472.699999999999,0,0.5435335321373574,1,MEDIUM
M,300.9,311.5,1836,21.8,12,10.600000000000023,4191.387254713359,261.6,0,0.00189355460947416,0,LOW
L,303.3,312.5,1968,20.6,130,9.199999999999989,4245.422648355103,2678.0,0,0.3106805986055955,0,MEDIUM
M,302.6,311.6,1227,68.2,187,9.0,8763.095716070298,12753.4,1,0.9974739609860227,1,HIGH
M,304.1,313.2,1410,42.4,155,9.099999999999966,6260.565840073739,6572.0,0,0.4177390012451394,0,MEDIUM
L,300.1,309.7,1441,40.1,46,9.599999999999966,6051.136801809932,1844.6000000000001,0,0.049959090506066284,0,LOW
M,299.2,308.4,1396,48.7,13,9.199999999999989,7119.393495761093,633.1,0,0.13605110490214536,0,LOW
L,295.8,306.4,1325,56.2,65,10.599999999999966,7797.956564985465,3653.0,0,0.539380491655877,1,MEDIUM
M,297.4,309.3,1622,35.0,123,11.900000000000034,5944.940498143085,4305.0,0,0.009827431971471417,0,LOW
L,298.8,310.0,1423,42.1,154,11.199999999999989,6273.582505635113,6483.400000000001,0,0.13431794227724916,0,LOW
M,300.4,311.6,1518,36.4,53,11.200000000000045,5786.311013087824,1929.1999999999998,0,0.0060824823297001215,0,LOW
L,298.4,308.9,1628,34.9,93,10.5,5949.883270584733,3245.7,0,0.02282302774314627,0,LOW
L,302.1,310.9,1477,41.4,184,8.799999999999955,6403.382642105931,7617.599999999999,0,0.5815855275464648,1,MEDIUM
L,300.1,311.4,1910,23.0,153,11.299999999999955,4600.338842406653,3519.0,0,0.08754115369876535,0,LOW
M,298.3,309.5,1543,49.9,199,11.199999999999989,8062.970849266787,9930.1,0,0.18256317760881655,0,LOW
M,301.3,310.9,1512,36.9,159,9.599999999999966,5842.608353440153,5867.099999999999,0,0.15403006626458457,0,LOW
H,298.5,308.9,1500,40.3,207,10.399999999999977,6330.309196983432,8342.099999999999,0,0.23572548595911152,0,LOW
L,298.2,308.3,1805,31.6,96,10.100000000000023,5973.005392515153,3033.6000000000004,0,0.027880039183307507,0,LOW
M,297.4,308.0,1440,42.4,190,10.600000000000023,6393.769368585947,8056.0,0,0.20509999315414817,0,LOW
M,300.4,311.4,1352,57.3,116,11.0,8112.597541217993,6646.799999999999,0,0.5644856931450266,1,MEDIUM
L,301.4,310.8,1770,24.1,112,9.400000000000034,4467.030594139326,2699.2000000000003,0,0.07186197605922458,0,LOW
L,298.5,308.2,1595,32.3,46,9.699999999999989,5395.00470413219,1485.8,0,0.011871709326784101,0,LOW
M,297.8,307.4,1438,43.6,141,9.599999999999966,6565.593542786285,6147.6,0,0.21350794752282845,0,LOW
H,299.8,310.9,1427,47.2,168,11.099999999999966,7053.336274231613,7929.6,0,0.22455197546869315,0,LOW
M,299.2,308.5,1526,37.3,135,9.300000000000011,5960.62751746001,5035.5,0,0.10994253074797546,0,LOW
M,295.8,306.6,1480,43.2,92,10.800000000000011,6695.362263330568,3974.4,0,0.03370977952494956,0,LOW
H,297.3,308.8,1499,44.2,134,11.5,6938.291151257154,5922.8,0,0.0495334089554543,0,LOW
L,304.0,313.0,1397,42.4,113,9.0,6202.844311051783,4791.2,0,0.3722632287031412,0,MEDIUM
M,296.8,307.9,1409,44.3,145,11.099999999999966,6536.470978887507,6423.5,0,0.1044422498675069,0,LOW
M,301.0,309.7,1511,39.3,146,8.699999999999989,6218.499914442172,5737.799999999999,0,0.24923791409341234,0,LOW
L,300.7,309.5,1479,43.6,240,8.800000000000011,6752.7905770381885,10464.0,0,0.7992478922896098,1,HIGH
L,298.8,308.8,1991,20.7,59,10.0,4315.888571575121,1221.3,0,0.029294019744096778,0,LOW
M,302.7,311.1,1297,60.7,125,8.400000000000034,8244.366409085063,7587.5,1,0.9728387466692582,1,HIGH
L,301.9,311.0,1353,43.8,130,9.100000000000023,6205.839296048204,5694.0,0,0.4923221219969619,0,MEDIUM
L,298.8,309.9,1525,39.7,77,11.099999999999966,6339.995774332002,3056.9,0,0.021466487837256083,0,LOW
L,301.8,310.9,1521,39.3,197,9.099999999999966,6259.654778204198,7742.099999999999,0,0.5071117880198266,1,MEDIUM
H,303.1,311.3,1494,42.7,221,8.199999999999989,6680.471114152551,9436.7,0,0.7588738802569044,1,HIGH
L,298.4,308.0,1540,37.8,7,9.600000000000023,6095.946385025633,264.59999999999997,0,0.012017553572387527,0,LOW
M,297.6,308.5,1848,23.7,37,10.899999999999977,4586.473946828811,876.9,0,0.0025815616001540653,0,LOW
L,297.1,308.5,1483,46.9,203,11.399999999999977,7283.54171191116,9520.699999999999,0,0.254106127841076,0,LOW
M,299.9,309.5,1372,56.2,133,9.600000000000023,8074.563326158534,7474.6,0,0.73630956573792,1,HIGH
L,301.9,310.7,1480,47.1,68,8.800000000000011,7299.804689881243,3202.8,0,0.28296684612296324,0,LOW
L,298.0,307.6,1385,45.0,158,9.600000000000023,6526.658737832795,7110.0,0,0.4638621248747669,0,MEDIUM
L,301.5,310.7,1618,35.5,218,9.199999999999989,6014.998014318137,7739.0,0,0.5011116811220094,1,MEDIUM
L,300.2,311.6,1375,56.9,155,11.400000000000034,8193.01184117438,8819.5,0,0.625354963275325,1,MEDIUM
M,300.7,310.8,1452,47.9,77,10.100000000000023,7283.342744376433,3688.2999999999997,0,0.12545326332947024,0,LOW
H,299.2,310.8,1761,30.4,180,11.600000000000023,5606.1092584779135,5472.0,0,0.04507013422313443,0,LOW
L,298.1,308.0,1626,36.5,83,9.899999999999977,6215.012746596687,3029.5,0,0.031424091392255715,0,LOW
M,303.7,312.9,1566,32.6,9,9.199999999999989,5346.111050466823,293.40000000000003,0,0.007187081614860776,0,LOW
L,297.7,309.0,1538,43.2,30,11.300000000000011,6957.748081758387,1296.0,0,0.011478183344175174,0,LOW
L,297.6,307.2,1486,40.6,42,9.599999999999966,6317.910377977265,1705.2,0,0.03778271659534665,0,LOW
H,302.3,311.1,1543,37.5,73,8.800000000000011,6059.346830611314,2737.5,0,0.06271444295427143,0,LOW
L,298.0,308.7,1462,48.2,204,10.699999999999989,7379.433591674233,9832.800000000001,0,0.43462333206755294,0,MEDIUM
M,301.3,311.1,1581,30.9,31,9.800000000000011,5115.863724885226,957.9,0,0.005274970415201712,0,LOW
L,298.8,309.6,1613,27.7,143,10.800000000000011,4678.88913072191,3961.1,0,0.03530018278791893,0,LOW
L,298.0,307.3,1424,46.5,185,9.300000000000011,6934.123305003391,8602.5,0,0.6205361085022174,1,MEDIUM
M,296.9,308.0,1641,33.3,67,11.100000000000023,5722.442434440343,2231.1,0,0.0045242810100749545,0,LOW
M,299.8,310.5,1375,53.9,110,10.699999999999989,7761.042851305784,5929.0,0,0.391289939352445,0,MEDIUM
M,297.7,307.2,1372,52.8,33,9.5,7586.066612476344,1742.3999999999999,0,0.29599073116074526,0,LOW
L,301.0,312.2,1602,35.9,67,11.199999999999989,6022.621612490848,2405.2999999999997,0,0.010901447557640324,0,LOW
L,297.4,308.5,1761,27.2,76,11.100000000000023,5015.992494427607,2067.2,0,0.007283684733288753,0,LOW
L,300.4,311.2,1705,28.7,20,10.800000000000011,5124.304137147871,574.0,0,0.002764851248527643,0,LOW
H,300.8,312.1,1527,35.1,164,11.300000000000011,5612.738018976988,5756.400000000001,0,0.04879989328818442,0,LOW
L,298.1,308.2,1521,39.3,151,10.099999999999966,6259.654778204198,5934.299999999999,0,0.14198125864164066,0,LOW
M,300.7,310.5,1863,22.2,111,9.800000000000011,4331.0624640919605,2464.2,0,0.05028217721890439,0,LOW
M,302.0,310.6,1535,38.6,34,8.600000000000023,6204.750210594961,1312.4,0,0.03792019107622431,0,LOW
H,297.0,308.4,1305,54.6,168,11.399999999999977,7461.596711541118,9172.800000000001,0,0.586810512693622,1,MEDIUM
M,299.3,310.7,1440,45.5,146,11.399999999999977,6861.238355440108,6643.0,0,0.10268743268974027,0,LOW
L,300.3,310.5,1522,39.1,217,10.199999999999989,6231.893571121977,8484.7,0,0.3789064946713896,0,MEDIUM
L,297.0,308.1,1455,43.5,122,11.100000000000023,6627.975100911066,5307.0,0,0.08265431400150187,0,LOW
L,300.1,311.3,1470,45.2,40,11.199999999999989,6957.999409170673,1808.0,0,0.030975840971082042,0,LOW
L,302.5,312.0,1495,38.8,186,9.5,6074.374115470983,7216.799999999999,0,0.4026129848973612,0,MEDIUM
L,297.3,308.6,1446,50.1,144,11.300000000000011,7586.380771741705,7214.400000000001,0,0.21681063736275163,0,LOW
L,300.0,311.5,1591,32.0,79,11.5,5331.492172652118,2528.0,0,0.007338921866719889,0,LOW
M,300.8,311.4,1732,26.9,45,10.599999999999966,4878.977166829044,1210.5,0,0.0036815352497360566,0,LOW
L,300.6,312.0,1490,42.2,3,11.399999999999977,6584.568762413967,126.60000000000001,0,0.008432948665340338,0,LOW
L,297.8,309.7,1935,22.1,171,11.899999999999977,4478.18324805957,3779.1000000000004,0,0.0937267035293139,0,LOW
L,297.4,308.3,1632,33.5,39,10.900000000000034,5725.238451902039,1306.5,0,0.004610184151623118,0,LOW
M,297.8,307.8,1543,43.7,8,10.0,7061.158839939051,349.6,0,0.013772908422123203,0,LOW
L,303.6,311.7,1546,38.5,64,8.099999999999966,6233.024544477269,2464.0,0,0.14125075407534868,0,LOW
L,299.3,310.5,1281,59.8,15,11.199999999999989,8021.931177235393,897.0,0,0.6769415924870749,1,MEDIUM
L,297.0,307.6,1680,35.8,20,10.600000000000023,6298.264951916816,716.0,0,0.004478603597850613,0,LOW
L,301.0,310.9,1740,28.9,129,9.899999999999977,5265.937605947211,3728.1,0,0.07193227924741057,0,LOW
L,299.0,308.3,1441,44.0,48,9.300000000000011,6639.651353606908,2112.0,0,0.10949803439707945,0,LOW
L,297.5,308.9,1596,30.7,5,11.399999999999977,5130.974785548993,153.5,0,0.0011026462175351462,0,LOW
L,300.5,311.4,1556,45.3,58,10.899999999999977,7381.360435168433,2627.3999999999996,0,0.03464615329985505,0,LOW
M,300.8,310.5,1409,50.6,141,9.699999999999989,7466.036829158192,7134.6,0,0.48799934734720546,0,MEDIUM
L,301.8,310.7,1547,41.7,72,8.899999999999977,6755.46093079374,3002.4,0,0.12263319323508073,0,LOW
M,298.6,310.2,1328,50.5,12,11.599999999999966,7022.925657344863,606.0,0,0.05985539263239185,0,LOW
H,297.5,308.5,1671,28.0,158,11.0,4899.627902538641,4424.0,0,0.03195660722035823,0,LOW
L,297.8,308.8,1621,36.1,68,11.0,6128.001102067763,2454.8,0,0.010322899248204207,0,LOW
L,298.7,310.3,1451,40.0,86,11.600000000000023,6077.934587145053,3440.0,0,0.022543386383340636,0,LOW
M,297.5,308.1,1480,42.4,112,10.600000000000023,6571.374073268889,4748.8,0,0.05418147102910336,0,LOW
M,300.1,310.1,1501,39.3,195,10.0,6177.3450506801455,7663.499999999999,0,0.24212715005247068,0,LOW
L,298.5,309.4,1418,45.1,148,10.899999999999977,6697.016835461458,6674.8,0,0.20618441163457404,0,LOW
M,298.7,308.4,1507,45.7,192,9.699999999999989,7212.039063115457,8774.400000000001,0,0.35772658984434136,0,MEDIUM
M,300.7,309.5,1352,44.0,126,8.800000000000011,6229.56879255832,5544.0,0,0.41279482761315833,0,MEDIUM
M,298.6,309.6,1635,29.7,9,11.0,5085.138948733118,267.3,0,0.0010509368805529473,0,LOW
L,298.9,309.8,1396,49.0,13,10.900000000000034,7163.250129205207,637.0,0,0.06970620241098482,0,LOW
M,299.2,308.4,1529,43.0,50,9.199999999999989,6885.00973985227,2150.0,0,0.05049796356265515,0,LOW
L,302.4,310.2,1578,31.2,139,7.800000000000011,5155.730535659281,4336.8,0,0.3007832793489597,0,MEDIUM
M,300.9,309.7,1394,48.8,192,8.800000000000011,7123.791725476119,9369.599999999999,0,0.7647553200409374,1,HIGH
L,302.5,312.1,1534,38.6,3,9.600000000000023,6200.708028047342,115.80000000000001,0,0.016665343850576202,0,LOW
L,297.4,308.4,1394,50.1,213,11.0,7313.564865703967,10671.300000000001,0,0.5643821234602169,1,MEDIUM
L,297.9,308.0,1954,21.1,42,10.100000000000023,4317.532671730501,886.2,0,0.013365082997739622,0,LOW
L,296.6,307.3,1474,40.0,158,10.699999999999989,6174.27676185514,6320.0,0,0.11919961469768622,0,LOW
L,303.5,312.8,1524,39.4,96,9.300000000000011,6287.960528013043,3782.3999999999996,0,0.13018987697635354,0,LOW
H,298.4,308.2,1478,43.5,206,9.800000000000011,6732.747215908285,8961.0,0,0.3924044025291825,0,MEDIUM
H,302.1,310.1,1844,24.6,171,8.0,4750.339419640054,4206.6,0,0.4713791475401405,0,MEDIUM
L,300.3,309.3,1345,53.5,192,9.0,7535.3717790229175,10272.0,0,0.9188110628865409,1,HIGH
H,303.6,312.5,1375,54.0,186,8.899999999999977,7775.441817634738,10044.0,0,0.8896275962785682,1,HIGH
H,301.4,310.4,1610,38.6,16,9.0,6507.913901666376,617.6,0,0.017647030143731802,0,LOW
L,299.0,310.1,1886,21.2,13,11.100000000000023,4187.03091290038,275.59999999999997,0,0.0023149718368332723,0,LOW
M,300.1,309.2,1687,27.7,95,9.099999999999966,4893.5436847661895,2631.5,0,0.03140076593341397,0,LOW
L,301.6,310.6,1222,70.0,62,9.0,8957.727852935697,4340.0,0,0.997912311087646,1,HIGH
L,302.0,310.6,1325,55.3,192,8.600000000000023,7673.078257005271,10617.599999999999,0,0.9634204285094253,1,HIGH
H,298.8,310.3,1708,27.1,78,11.5,4847.142361272668,2113.8,0,0.0038101140738079943,0,LOW
L,299.6,310.9,1716,28.5,117,11.299999999999955,5121.42434388208,3334.5,0,0.01824713344279501,0,LOW
H,303.5,311.7,1584,32.7,143,8.199999999999989,5424.148211981993,4676.1,0,0.22633595914316473,0,LOW
L,301.5,310.8,1785,25.5,120,9.300000000000011,4766.581453659113,3060.0,0,0.09783472844790951,0,LOW
L,303.3,311.3,1350,48.1,32,8.0,6799.977298695107,1539.2,1,0.5373524450005399,1,MEDIUM
H,296.9,307.8,1549,37.8,104,10.900000000000034,6131.572045717342,3931.2,0,0.019198472222227935,0,LOW
M,296.2,307.2,1633,31.1,0,11.0,5318.328899433577,0.0,0,0.0008508021231846436,0,LOW
L,298.2,308.4,1512,34.9,181,10.199999999999989,5525.935813958302,6316.9,0,0.16282248584841635,0,LOW
M,298.4,308.0,1416,38.2,198,9.600000000000023,5664.417218128541,7563.6,1,0.3051214534935897,0,MEDIUM
L,301.0,311.0,1634,31.2,182,10.0,5338.69689180435,5678.4,0,0.18375045834921702,0,LOW
H,297.4,308.6,1461,40.1,126,11.200000000000045,6135.122045415899,5052.6,0,0.03842035698843366,0,LOW
L,297.4,308.5,1477,40.7,74,11.100000000000023,6295.112887287715,3011.8,0,0.024270136398527795,0,LOW
M,295.7,306.3,1347,50.4,46,10.600000000000023,7109.298511367559,2318.4,0,0.12717040659322268,0,LOW
M,303.8,312.9,1815,27.8,66,9.099999999999966,5283.844684072673,1834.8,0,0.02677906988671169,0,LOW
L,296.7,307.4,1535,34.6,114,10.699999999999989,5561.77091416025,3944.4,0,0.0282180497079873,0,LOW
M,304.3,313.4,1624,32.1,53,9.099999999999966,5459.0827222899115,1701.3000000000002,0,0.02009218083023894,0,LOW
L,299.8,310.8,1553,32.2,161,11.0,5236.678906366778,5184.200000000001,0,0.06017758091257955,0,LOW
L,301.5,310.7,1942,20.5,155,9.199999999999989,4168.998171068775,3177.5,0,0.4112471348259151,0,MEDIUM
H,302.1,311.2,1598,37.9,148,9.099999999999966,6342.268193018098,5609.2,0,0.1778847424396394,0,LOW
M,301.1,310.7,1367,43.4,111,9.599999999999966,6212.79268778815,4817.4,0,0.2111702772651837,0,LOW
H,298.9,308.8,1621,32.7,75,9.900000000000034,5550.84864370127,2452.5,0,0.014361053789083176,0,LOW
H,299.7,309.2,1456,40.6,182,9.5,6190.361716241519,7389.2,0,0.3202422943389838,0,MEDIUM
L,298.2,307.8,1528,31.1,194,9.600000000000023,4976.366539090328,6033.400000000001,0,0.22881086224915095,0,LOW
L,300.2,309.4,1558,38.3,51,9.199999999999989,6248.774395647265,1953.3,0,0.04238966274021981,0,LOW
L,299.0,310.2,1372,48.0,174,11.199999999999989,6896.424193160314,8352.0,0,0.38567891529079407,0,MEDIUM
L,298.9,310.6,1387,52.7,2,11.700000000000045,7654.480028496019,105.4,0,0.0784894350631603,0,LOW
M,302.4,311.1,1443,51.8,178,8.700000000000045,7827.529423831255,9220.4,0,0.7627255806103158,1,HIGH
M,299.8,309.2,1372,58.2,65,9.399999999999977,8361.914334206882,3783.0,0,0.6885419256164862,1,MEDIUM
M,298.9,309.6,1567,34.5,204,10.700000000000045,5661.3070414014865,7038.0,0,0.12413956808642415,0,LOW
L,301.5,310.6,1453,44.0,208,9.100000000000023,6694.943384310088,9152.0,0,0.6965888624722748,1,MEDIUM
H,304.2,313.5,1627,32.2,91,9.300000000000011,5486.205138865904,2930.2000000000003,0,0.04175749986060796,0,LOW
H,302.2,310.9,1415,48.4,185,8.699999999999989,7171.837149125019,8954.0,0,0.7512348717931044,1,HIGH
L,298.7,310.2,1566,33.1,68,11.5,5428.1066187255165,2250.8,0,0.005897985213484007,0,LOW
L,301.8,309.6,1432,43.7,138,7.800000000000011,6553.194723780117,6030.6,0,0.6599351115041231,1,MEDIUM
M,301.1,312.3,1852,25.9,131,11.199999999999989,5023.071549873695,3392.8999999999996,0,0.027762153789337773,0,LOW
M,299.0,310.0,1341,58.9,126,11.0,8271.279386150814,7421.4,0,0.660602281831048,1,MEDIUM
L,301.5,311.1,1458,41.4,123,9.600000000000023,6321.010082728807,5092.2,0,0.21294434927835626,0,LOW
L,301.3,310.9,1509,41.7,16,9.599999999999966,6589.522006831127,667.2,0,0.033574502195600986,0,LOW
L,301.5,310.4,1425,54.4,7,8.899999999999977,8117.875416876025,380.8,0,0.45025792709732965,0,MEDIUM
L,297.5,308.7,1407,42.5,145,11.199999999999989,6261.979556767855,6162.5,0,0.11998923629235686,0,LOW
L,300.7,310.8,1619,34.9,57,10.100000000000023,5916.990795501648,1989.3,0,0.016923713983526233,0,LOW
L,299.3,309.3,1528,37.8,45,10.0,6048.445504103356,1700.9999999999998,0,0.02045066424732576,0,LOW
H,296.9,307.9,1547,32.6,79,11.0,5281.247634145706,2575.4,0,0.006153841001260974,0,LOW
L,302.6,311.9,1453,39.1,84,9.299999999999955,5949.370143784647,3284.4,0,0.11432515649479068,0,LOW
L,298.6,310.1,1721,27.2,5,11.5,4902.057400857417,136.0,0,0.0009592176103469818,0,LOW
L,302.5,310.3,1551,37.3,168,7.800000000000011,6058.278689109092,6266.4,0,0.5585460751385879,1,MEDIUM
H,303.6,312.4,1480,50.7,2,8.799999999999955,7857.751545158791,101.4,0,0.1737049509714718,0,LOW
M,301.6,311.0,1431,42.3,129,9.399999999999977,6338.82291307466,5456.7,0,0.22089652169793594,0,LOW
M,297.4,308.4,1441,46.8,116,11.0,7062.174621563711,5428.799999999999,0,0.09018106159217378,0,LOW
H,296.7,307.4,1661,34.2,109,10.699999999999989,5948.731353278417,3727.8,0,0.016061536592892046,0,LOW
H,297.1,308.4,1654,31.4,171,11.299999999999955,5438.683313992601,5369.4,0,0.036286114740452284,0,LOW
L,304.2,313.6,1469,40.0,154,9.400000000000034,6153.332810831208,6160.0,0,0.34880944278830595,0,MEDIUM
L,302.0,310.8,1615,29.0,235,8.800000000000011,4904.549731029265,6815.0,1,0.640565204267098,1,MEDIUM
L,297.6,308.7,1319,50.9,141,11.099999999999966,7030.580671444109,7176.9,0,0.4672104675626639,0,MEDIUM
M,302.4,311.9,1398,50.1,188,9.5,7334.550704629946,9418.800000000001,0,0.7027598425291474,1,HIGH
M,302.0,311.2,1558,39.1,179,9.199999999999989,6379.29709842841,6998.900000000001,0,0.2885439516779257,0,LOW
L,300.0,309.0,1454,51.7,2,9.0,7871.9724879040405,103.4,0,0.23272447249705025,0,LOW
M,301.0,311.1,1420,47.4,167,10.100000000000023,7048.477277594059,7915.8,0,0.3896976542901563,0,MEDIUM
M,304.1,313.3,1725,28.3,177,9.199999999999989,5112.1566455539905,5009.1,0,0.237005190008278,0,LOW
L,303.0,312.3,1533,38.5,134,9.300000000000011,6180.612307039879,5159.0,0,0.2096034741712413,0,LOW
L,302.0,311.1,1406,50.5,187,9.100000000000023,7435.416772761202,9443.5,0,0.8213367125860848,1,HIGH
L,298.9,308.7,1729,26.6,73,9.800000000000011,4816.208145610321,1941.8000000000002,0,0.016880937899479254,0,LOW
H,300.7,309.5,2007,19.7,2,8.800000000000011,4140.399205945596,39.4,0,0.013012009790149633,0,LOW
L,301.6,310.6,1506,43.4,222,9.0,6844.5250825230105,9634.8,0,0.7039058446029771,1,HIGH
H,302.6,312.0,1657,29.3,37,9.399999999999977,5084.154583034993,1084.1000000000001,0,0.008586435775362625,0,LOW
L,298.8,308.6,1511,36.1,157,9.800000000000011,5712.158954487593,5667.7,0,0.1545370453830369,0,LOW
L,300.2,309.7,1421,44.6,17,9.5,6636.782032316629,758.2,0,0.07805095437130105,0,LOW
L,303.4,312.9,1389,54.1,109,9.5,7869.155526491322,5896.900000000001,0,0.7276994972534908,1,HIGH
L,298.4,309.1,1417,40.6,121,10.700000000000045,6024.548455985051,4912.6,0,0.08994128262393339,0,LOW
H,301.0,310.1,1454,44.1,217,9.100000000000023,6714.7773059297515,9569.7,0,0.6406852054884058,1,MEDIUM
L,296.6,307.4,1504,45.8,58,10.799999999999955,7213.431835858547,2656.3999999999996,0,0.03970817402803698,0,LOW
L,301.4,310.5,1380,48.4,131,9.100000000000023,6994.441883952315,6340.4,0,0.6382975066786174,1,MEDIUM
L,296.0,306.7,1917,21.0,127,10.699999999999989,4215.703181852144,2667.0,0,0.061500553505769065,0,LOW
L,300.4,311.3,1495,51.2,175,10.900000000000034,8015.668935879237,8960.0,0,0.35388356917703706,0,MEDIUM
M,297.3,308.3,1301,39.6,5,11.0,5395.119895862823,198.0,0,0.006438984318412473,0,LOW
M,297.9,307.6,1609,30.3,64,9.700000000000045,5105.370805422237,1939.2,0,0.009204135502382287,0,LOW
M,297.4,308.3,1550,47.8,18,10.900000000000034,7758.686656815592,860.4,0,0.014442933100654585,0,LOW
L,299.1,308.6,1555,36.6,104,9.5,5959.915423125196,3806.4,0,0.07273572947832467,0,LOW
L,298.0,308.6,1430,57.0,43,10.600000000000023,8535.707239803467,2451.0,0,0.31127882296029014,0,MEDIUM
M,301.7,310.5,1724,33.0,171,8.800000000000011,5957.716308267683,5643.0,0,0.23275953756226356,0,LOW
L,303.3,311.4,1511,43.4,65,8.099999999999966,6867.249269383976,2821.0,0,0.25664992762975253,0,LOW
L,303.5,311.6,1465,48.7,60,8.100000000000023,7471.2832888896855,2922.0,0,0.47294626240252075,0,MEDIUM
M,298.8,309.6,1692,31.9,167,10.800000000000011,5652.227838632612,5327.3,0,0.05129795416638551,0,LOW
L,301.6,310.6,1418,43.9,129,9.0,6518.825700149844,5663.099999999999,0,0.4335477623338349,0,MEDIUM
M,298.8,310.0,1484,44.9,80,11.199999999999989,6977.644835231121,3592.0,0,0.03157930231932612,0,LOW
L,297.8,309.3,2015,20.1,161,11.5,4241.3071619789,3236.1000000000004,0,0.16051699470669925,0,LOW
L,301.4,311.1,1800,26.0,135,9.700000000000045,4900.884539600077,3510.0,0,0.10943992244487105,0,LOW
L,298.8,308.6,1631,32.4,38,9.800000000000011,5533.852627445348,1231.2,0,0.009691518978506824,0,LOW
L,300.3,309.6,1435,45.4,181,9.300000000000011,6822.387326290714,8217.4,0,0.598129055389116,1,MEDIUM
L,303.5,311.7,1620,31.0,141,8.199999999999989,5259.026102109314,4371.0,0,0.27141958483056156,0,LOW
M,298.8,309.7,1453,47.7,101,10.899999999999977,7257.927259808892,4817.700000000001,0,0.08978669040378832,0,LOW
M,301.7,309.8,1284,68.2,111,8.100000000000023,9170.183292122463,7570.200000000001,1,0.995075579575123,1,HIGH
M,302.4,310.4,1463,42.2,139,8.0,6465.251073430627,5865.8,0,0.4583137419166595,0,MEDIUM
L,298.5,309.5,1547,33.1,68,11.0,5362.248364730763,2250.8,0,0.008288517487210167,0,LOW
L,297.3,308.4,1513,40.5,25,11.099999999999966,6416.860074589832,1012.5,0,0.008703559969627924,0,LOW
M,300.2,309.5,1642,28.8,92,9.300000000000011,4952.155331706663,2649.6,0,0.02503499947001279,0,LOW
L,301.3,311.0,1418,41.9,208,9.699999999999989,6221.840474630489,8715.199999999999,0,0.5789419098332783,1,MEDIUM
L,300.2,311.4,1331,49.8,143,11.199999999999989,6941.223304400504,7121.4,0,0.43020686284879023,0,MEDIUM
M,296.2,307.0,2119,18.3,159,10.800000000000011,4060.791248103631,2909.7000000000003,0,0.28885756234720633,0,LOW
L,302.4,311.5,1505,37.9,79,9.100000000000023,5973.162472147833,2994.1,0,0.09123710396778648,0,LOW
L,297.8,309.7,1547,37.3,25,11.899999999999977,6042.654501645239,932.4999999999999,0,0.002957108192843903,0,LOW
M,298.2,308.3,1639,33.3,191,10.100000000000023,5715.468098749374,6360.299999999999,0,0.12819626689067884,0,LOW
H,303.8,313.2,1381,52.4,140,9.399999999999977,7577.982247381106,7336.0,0,0.7082373867048393,1,HIGH
H,304.1,313.2,1586,34.6,139,9.099999999999966,5746.559394044402,4809.400000000001,0,0.14396165046645332,0,LOW
M,302.5,311.0,1563,35.6,190,8.5,5826.900390172204,6764.0,0,0.4076047014825712,0,MEDIUM
M,303.4,311.8,1341,47.0,210,8.400000000000034,6600.172005926796,9870.0,1,0.8790476675348803,1,HIGH
H,297.7,308.2,1489,43.0,151,10.5,6704.891761046456,6493.0,0,0.11780005434351802,0,LOW
L,299.7,309.2,1412,45.4,147,9.5,6713.038957994765,6673.8,0,0.44655389644559357,0,MEDIUM
L,299.8,309.7,1457,51.9,89,9.899999999999977,7918.729858564969,4619.099999999999,0,0.33275423656333775,0,MEDIUM
L,298.9,308.7,1504,41.8,165,9.800000000000011,6583.437789058674,6896.999999999999,0,0.2704433009584599,0,LOW
L,300.7,310.6,1616,29.6,47,9.900000000000034,5009.122878491758,1391.2,0,0.009384116846111621,0,LOW
L,299.3,309.1,1388,45.5,123,9.800000000000011,6613.471414826993,5596.5,0,0.3310997613409786,0,MEDIUM
L,301.3,310.7,1761,24.3,174,9.399999999999977,4481.199177007017,4228.2,0,0.2683756126101027,0,LOW
M,296.9,307.7,2008,17.5,3,10.800000000000011,3679.852194904844,52.5,0,0.0026280636103270297,0,LOW
L,300.1,309.2,1441,42.9,148,9.099999999999966,6473.660069766735,6349.2,0,0.4134419303640903,0,MEDIUM
L,301.3,310.6,1440,53.8,90,9.300000000000011,8112.848868630282,4842.0,0,0.5667925342222742,1,MEDIUM
L,302.0,310.6,1392,50.0,84,8.600000000000023,7288.49495632832,4200.0,0,0.6179803885032042,1,MEDIUM
H,298.5,309.0,1531,30.8,212,10.5,4938.039108716533,6529.6,0,0.1395064762552993,0,LOW
L,297.5,308.8,1530,37.8,157,11.300000000000011,6056.362317590402,5934.599999999999,0,0.06105064382841904,0,LOW
H,297.3,308.7,1569,33.9,93,11.399999999999977,5569.949527035095,3152.7,0,0.007373245004551799,0,LOW
M,297.5,309.5,1553,42.4,60,12.0,6895.502659315261,2544.0,0,0.006417312405297793,0,LOW
L,299.1,308.8,1413,42.1,86,9.699999999999989,6229.495488729736,3620.6,0,0.12662362037448158,0,LOW
L,302.1,310.1,1543,35.8,164,8.0,5784.656440956933,5871.2,0,0.4712066627392368,0,MEDIUM
L,301.0,310.9,1296,54.9,69,9.899999999999977,7450.85246466584,3788.1,0,0.7380614424161855,1,HIGH
M,302.0,310.9,1352,55.5,59,8.899999999999977,7857.751545158791,3274.5,0,0.7092207773239834,1,HIGH
M,298.3,308.4,1486,44.2,196,10.099999999999966,6878.119179965397,8663.2,0,0.2985969041169284,0,LOW
L,298.2,308.2,1469,43.0,88,10.0,6614.832771643549,3784.0,0,0.09546639496895014,0,LOW
L,300.4,311.8,1405,47.9,58,11.400000000000034,7047.587159675542,2778.2,0,0.07880239965133383,0,LOW
M,303.8,312.7,1488,41.3,175,8.899999999999977,6435.489719025619,7227.499999999999,0,0.43458978050576336,0,MEDIUM
L,298.2,307.5,1470,51.3,180,9.300000000000011,7897.021453328663,9234.0,0,0.6579899192350911,1,MEDIUM
L,304.3,313.5,1802,25.4,170,9.199999999999989,4793.106967630923,4318.0,0,0.34340668458848495,0,MEDIUM
L,300.6,310.4,1556,37.7,122,9.799999999999955,6142.986499025386,4599.400000000001,0,0.09987337341502403,0,LOW
M,296.9,307.5,1332,51.1,121,10.600000000000023,7127.771076170666,6183.1,0,0.3593836195003953,0,MEDIUM
L,300.5,311.4,1400,45.1,29,10.899999999999977,6612.005338255318,1307.9,0,0.04513753249590851,0,LOW
L,298.8,308.9,1461,47.9,206,10.099999999999966,7328.487430808517,9867.4,0,0.5563776710235836,1,MEDIUM
M,298.8,309.7,1499,40.3,154,10.899999999999977,6326.08899085211,6206.2,0,0.0732941222114333,0,LOW
M,299.3,308.5,1304,60.6,8,9.199999999999989,8275.206376967802,484.8,0,0.8343822644940195,1,HIGH
H,297.9,307.3,1663,28.7,7,9.400000000000034,4998.074944326633,200.9,0,0.002969369256855672,0,LOW
L,300.8,311.3,1498,40.2,73,10.5,6306.181765403864,2934.6000000000004,0,0.03951153242943073,0,LOW
M,298.1,307.9,1446,42.8,121,9.799999999999955,6480.9799806495985,5178.799999999999,0,0.12921558896672955,0,LOW
M,302.4,311.9,1422,46.4,194,9.5,6909.4932185992475,9001.6,0,0.588167472713428,1,MEDIUM
M,297.9,309.0,1970,21.6,37,11.100000000000023,4456.035019851763,799.2,0,0.003996326284287066,0,LOW
